{
  "number of runs": 10,
  "All results Fair Cost (mean)": 2791.5019246697425,
  "All results Fair Cost (std)": 54.22733290489487,
  "All results Fair Cost (min)": 2712.320155441761,
  "All results Fair Cost (max)": 2855.755865842104,
  "All results Unfair Cost (mean)": 2685.989164489508,
  "All results Unfair Cost (std)": 109.63932771638626,
  "All results PoF (mean)": 1.0408021935270362,
  "All results PoF (std)": 0.0459324639179218,
  "All results PoF (min)": 0.9275961810552923,
  "All results PoF (max)": 1.0877064420054137,
  "Avg Timing": {
    "Balance Dataset": 0.04541789110080572,
    "B\u00f6hm Fair Clustering": 1548.2202046189982,
    "Total Time": 1548.5769762814975,
    "Vanilla k-Median": 0.29728939600172455
  },
  "G-PoF means": {
    "High": 1.0985586552802422,
    "Low": 1.031520404238807,
    "Mid-High": 1.028258870181093,
    "Mid-Low": 1.0508882039611631
  },
  "G-PoF stds": {
    "High": 0.053350307411388465,
    "Low": 0.08251272651967234,
    "Mid-High": 0.0527881094954222,
    "Mid-Low": 0.06171281449717036
  },
  "G-PoF spreads": [
    0.13762801580885242,
    0.14376969545961438,
    0.11540873860898881,
    0.13021426245700574,
    0.12364765324247073,
    0.11150990742723899,
    0.14377885860728323,
    0.12803962329230167,
    0.1591575107381782,
    0.18963024516634908
  ],
  "G-PoF Ginis": [
    0.027036597193852947,
    0.02560687294053759,
    0.020398302537761554,
    0.02454303588507599,
    0.023036182367423587,
    0.02035955985694638,
    0.026875504109930563,
    0.026902081443708408,
    0.030711158158736547,
    0.03658360399657606
  ],
  "Pooled C-PoF values": [],
  "C-PoF spreads": [],
  "C-PoF Ginis": [],
  "_fair_costs": [
    2845.2875836491585,
    2751.558636903763,
    2825.077303469181,
    2763.8936080932617,
    2855.755865842104,
    2821.359531968832,
    2851.533795684576,
    2762.86659899354,
    2712.320155441761,
    2725.366166651249
  ],
  "_unfair_costs": [
    2690.929976940155,
    2612.1183211803436,
    2617.042687177658,
    2688.4855813980103,
    2703.181981831789,
    2642.314449042082,
    2621.6023786962032,
    2978.5230420529842,
    2609.1189398765564,
    2696.574286699295
  ],
  "_pofs": [
    1.0573621788867664,
    1.0533820825009221,
    1.0794922518118637,
    1.0280485144562461,
    1.056442327980791,
    1.0677607023613935,
    1.0877064420054137,
    0.9275961810552923,
    1.039554047915534,
    1.0106772062961396
  ],
  "_timings": [
    {
      "Balance Dataset": 0.04540802199335303,
      "Vanilla k-Median": 0.31616981100523844,
      "B\u00f6hm Fair Clustering": 1525.176944368999,
      "Total Time": 1525.553230562
    },
    {
      "Balance Dataset": 0.044623815003433265,
      "Vanilla k-Median": 0.3106941820005886,
      "B\u00f6hm Fair Clustering": 1474.891654772,
      "Total Time": 1475.2604048600042
    },
    {
      "Balance Dataset": 0.04572733699751552,
      "Vanilla k-Median": 0.28624119800224435,
      "B\u00f6hm Fair Clustering": 1660.9698751219985,
      "Total Time": 1661.315442851992
    },
    {
      "Balance Dataset": 0.045716464999713935,
      "Vanilla k-Median": 0.31091220100643113,
      "B\u00f6hm Fair Clustering": 1442.3348564329935,
      "Total Time": 1442.705351341996
    },
    {
      "Balance Dataset": 0.0444777829980012,
      "Vanilla k-Median": 0.2723693900043145,
      "B\u00f6hm Fair Clustering": 1599.9944939470006,
      "Total Time": 1600.3253167889925
    },
    {
      "Balance Dataset": 0.045841721002943814,
      "Vanilla k-Median": 0.22950527699140366,
      "B\u00f6hm Fair Clustering": 1671.6338111959922,
      "Total Time": 1671.923436965997
    },
    {
      "Balance Dataset": 0.046086488000582904,
      "Vanilla k-Median": 0.37352520300191827,
      "B\u00f6hm Fair Clustering": 1692.9190806550032,
      "Total Time": 1693.3534218150016
    },
    {
      "Balance Dataset": 0.04583699500653893,
      "Vanilla k-Median": 0.29428723400633316,
      "B\u00f6hm Fair Clustering": 1469.2929925329954,
      "Total Time": 1469.6468042100023
    },
    {
      "Balance Dataset": 0.045134902000427246,
      "Vanilla k-Median": 0.22058369500155095,
      "B\u00f6hm Fair Clustering": 1424.8043366319907,
      "Total Time": 1425.084245386999
    },
    {
      "Balance Dataset": 0.04532538300554734,
      "Vanilla k-Median": 0.3586057689972222,
      "B\u00f6hm Fair Clustering": 1520.1840005310078,
      "Total Time": 1520.6021080319915
    }
  ],
  "_all_cpofs": [],
  "_all_gpofs": [
    {
      "High": 1.0377397975691582,
      "Low": 1.0781678557836258,
      "Mid-High": 0.9690585299148905,
      "Mid-Low": 1.106686545723743
    },
    {
      "High": 1.1427637157756514,
      "Low": 1.0738092133300043,
      "Mid-High": 1.0827677711316006,
      "Mid-Low": 0.998994020316037
    },
    {
      "High": 1.1096387579572549,
      "Low": 1.1138275309362797,
      "Mid-High": 0.9984187923272909,
      "Mid-Low": 1.1029849448694784
    },
    {
      "High": 1.0754526586141742,
      "Low": 0.9503191385555891,
      "Mid-High": 1.0805334010125949,
      "Mid-Low": 1.057341340353011
    },
    {
      "High": 1.0666367349870447,
      "Low": 1.0839683309323527,
      "Mid-High": 0.9697470226911541,
      "Mid-Low": 1.0933946759336248
    },
    {
      "High": 1.1065984667165027,
      "Low": 0.9989690406378302,
      "Mid-High": 1.0904173578833731,
      "Mid-Low": 1.1104789480650692
    },
    {
      "High": 1.1318282505479655,
      "Low": 1.1427735881909726,
      "Mid-High": 0.9989947295836894,
      "Mid-Low": 1.0936743918162424
    },
    {
      "High": 0.9985436605322834,
      "Low": 0.8705040372399817,
      "Mid-High": 0.9660870740106937,
      "Mid-Low": 0.9435843099309471
    },
    {
      "High": 1.1575693690563196,
      "Low": 0.9984118583181414,
      "Mid-High": 1.0793758958512047,
      "Mid-Low": 1.0325579667237588
    },
    {
      "High": 1.1588151410460679,
      "Low": 1.0044534484632923,
      "Mid-High": 1.0471881274044395,
      "Mid-Low": 0.9691848958797188
    }
  ],
  "_all_group_costs_fair": [
    {
      "High": 132.461999386549,
      "Low": 986.0092877745628,
      "Mid-High": 688.9528239965439,
      "Mid-Low": 1037.8634724915028
    },
    {
      "High": 155.61813777685165,
      "Low": 946.8792101740837,
      "Mid-High": 730.4935443103313,
      "Mid-Low": 918.5677446424961
    },
    {
      "High": 142.79166918992996,
      "Low": 977.5820620059967,
      "Mid-High": 686.0757164955139,
      "Mid-Low": 1018.6278557777405
    },
    {
      "High": 151.39801660180092,
      "Low": 867.109428435564,
      "Mid-High": 761.6819712221622,
      "Mid-Low": 983.7041918337345
    },
    {
      "High": 142.99280181527138,
      "Low": 1006.2863332331181,
      "Mid-High": 686.6468893587589,
      "Mid-Low": 1019.8298414349556
    },
    {
      "High": 137.55202227830887,
      "Low": 882.6055062413216,
      "Mid-High": 753.9838555753231,
      "Mid-Low": 1047.2181478738785
    },
    {
      "High": 146.07181906700134,
      "Low": 1005.6353490352631,
      "Mid-High": 672.9281587600708,
      "Mid-Low": 1026.8984688222408
    },
    {
      "High": 149.20082253217697,
      "Low": 872.8610481619835,
      "Mid-High": 748.9559951126575,
      "Mid-Low": 991.8487331867218
    },
    {
      "High": 145.6620979309082,
      "Low": 861.9847613871098,
      "Mid-High": 737.823902964592,
      "Mid-Low": 966.8493931591511
    },
    {
      "High": 153.6313360929489,
      "Low": 935.0975540280342,
      "Mid-High": 723.782683879137,
      "Mid-Low": 912.8545926511288
    }
  ],
  "_all_group_costs_unfair": [
    {
      "High": 127.64471372961998,
      "Low": 914.5229868292809,
      "Mid-High": 710.9506832957268,
      "Mid-Low": 937.8115930855274
    },
    {
      "High": 136.17700284719467,
      "Low": 881.7946413755417,
      "Mid-High": 674.6539413034916,
      "Mid-Low": 919.4927356541157
    },
    {
      "High": 128.68302243947983,
      "Low": 877.6781277656555,