{
  "number of runs": 10,
  "All results Fair Cost (mean)": 914.6947418034076,
  "All results Fair Cost (std)": 37.76266542462558,
  "All results Fair Cost (min)": 851.1529434919357,
  "All results Fair Cost (max)": 961.067161500454,
  "All results Unfair Cost (mean)": 583.9771824240685,
  "All results Unfair Cost (std)": 10.518899033555298,
  "All results PoF (mean)": 1.5666574573393057,
  "All results PoF (std)": 0.06811840902340147,
  "All results PoF (min)": 1.4794248115632536,
  "All results PoF (max)": 1.661082688204246,
  "Avg Timing": {
    "Balance Dataset": 0.04599494610156398,
    "B\u00f6hm Fair Clustering": 1556.8968506882986,
    "Total Time": 1559.1421300707007,
    "Vanilla k-Median": 2.1778210985969055
  },
  "G-PoF means": {
    "High": 1.8991227607692078,
    "Low": 1.8090094253822895,
    "Mid-High": 0.9852127464405414,
    "Mid-Low": 1.69020614689422
  },
  "G-PoF stds": {
    "High": 0.18872274449680163,
    "Low": 0.10388220239137744,
    "Mid-High": 0.02874813357730459,
    "Mid-Low": 0.10992340767021544
  },
  "G-PoF spreads": [
    0.9296917296601811,
    0.7808573401580282,
    0.9099379689489188,
    1.1697165033486776,
    0.9685638148747061,
    0.7710114851984637,
    1.1266502601352872,
    0.8510852039204261,
    1.145242783799477,
    0.8026751811762051
  ],
  "G-PoF Ginis": [
    0.10890884189979262,
    0.10281653105012385,
    0.11393945991803373,
    0.1382394881998808,
    0.11382595563469962,
    0.09170237435921952,
    0.13732546405963766,
    0.11101685188375383,
    0.13383559031580633,
    0.10675032904150414
  ],
  "Pooled C-PoF values": [],
  "C-PoF spreads": [],
  "C-PoF Ginis": [],
  "_fair_costs": [
    961.067161500454,
    907.0556237995625,
    923.468994051218,
    915.1351280510426,
    952.5295779705048,
    936.2569146156311,
    948.3561589121819,
    860.4576469361782,
    891.467268705368,
    851.1529434919357
  ],
  "_unfair_costs": [
    578.5787597000599,
    607.2984645366669,
    593.0500030815601,
    586.2709355354309,
    586.248866379261,
    586.6463157832623,
    571.404747068882,
    579.1236177384853,
    575.823178678751,
    575.3269357383251
  ],
  "_pofs": [
    1.661082688204246,
    1.4935911693628152,
    1.5571519926696915,
    1.5609423435177898,
    1.6247870701284843,
    1.5959478299383598,
    1.6596924750396918,
    1.4857927057030071,
    1.5481614872657175,
    1.4794248115632536
  ],
  "_timings": [
    {
      "Balance Dataset": 0.04695834801532328,
      "Vanilla k-Median": 2.1039129179844167,
      "B\u00f6hm Fair Clustering": 1531.9307238809997,
      "Total Time": 1534.1034790070262
    },
    {
      "Balance Dataset": 0.04718799301190302,
      "Vanilla k-Median": 2.015702968026744,
      "B\u00f6hm Fair Clustering": 1486.743188509019,
      "Total Time": 1488.8277906570002
    },
    {
      "Balance Dataset": 0.04686703599872999,
      "Vanilla k-Median": 2.0343768669990823,
      "B\u00f6hm Fair Clustering": 1670.1736340130155,
      "Total Time": 1672.2759993450018
    },
    {
      "Balance Dataset": 0.04609797798912041,
      "Vanilla k-Median": 2.4525235399778467,
      "B\u00f6hm Fair Clustering": 1450.6321820659796,
      "Total Time": 1453.1519056849938
    },
    {
      "Balance Dataset": 0.045350119995418936,
      "Vanilla k-Median": 2.511650751985144,
      "B\u00f6hm Fair Clustering": 1610.0983508159989,
      "Total Time": 1612.6767477350077
    },
    {
      "Balance Dataset": 0.045086222991812974,
      "Vanilla k-Median": 2.027588136988925,
      "B\u00f6hm Fair Clustering": 1679.7613967839861,
      "Total Time": 1681.855766558001
    },
    {
      "Balance Dataset": 0.046501383010763675,
      "Vanilla k-Median": 2.1514222259866074,
      "B\u00f6hm Fair Clustering": 1704.0033468570036,
      "Total Time": 1706.222879798006
    },
    {
      "Balance Dataset": 0.04529940598877147,
      "Vanilla k-Median": 1.780189290002454,
      "B\u00f6hm Fair Clustering": 1476.4820815489802,
      "Total Time": 1478.3288410859823
    },
    {
      "Balance Dataset": 0.04402379199746065,
      "Vanilla k-Median": 2.1351000890135765,
      "B\u00f6hm Fair Clustering": 1433.874574948015,
      "Total Time": 1436.0754551879945
    },
    {
      "Balance Dataset": 0.04657718201633543,
      "Vanilla k-Median": 2.565744199004257,
      "B\u00f6hm Fair Clustering": 1525.2690274599881,
      "Total Time": 1527.9024356479931
    }
  ],
  "_all_cpofs": [],
  "_all_gpofs": [
    {
      "High": 1.7799350557321172,
      "Low": 1.8442718942136733,
      "Mid-High": 0.9980510845054603,
      "Mid-Low": 1.9277428141656414
    },
    {
      "High": 1.5880350236275629,
      "Low": 1.7065486772392457,
      "Mid-High": 0.9256913370812175,
      "Mid-Low": 1.666490075397973
    },
    {
      "High": 1.8823229107131012,
      "Low": 1.816065049585607,
      "Mid-High": 0.9723849417641824,
      "Mid-Low": 1.660398126060183
    },
    {
      "High": 2.153188282956268,
      "Low": 1.7993634945514752,
      "Mid-High": 0.9834717796075902,
      "Mid-Low": 1.6607658429099381
    },
    {
      "High": 1.942207879210638,
      "Low": 1.8766205911193496,
      "Mid-High": 0.973644064335932,
      "Mid-Low": 1.7867615895914097
    },
    {
      "High": 1.7616539139437137,
      "Low": 1.8116646298322112,
      "Mid-High": 1.0406531446337475,
      "Mid-Low": 1.7429200907609137
    },
    {
      "High": 2.129449890587719,
      "Low": 2.053294195683429,
      "Mid-High": 1.0027996304524316,
      "Mid-Low": 1.6683748079682694
    },
    {
      "High": 1.8404917947143724,
      "Low": 1.7125290450360904,
      "Mid-High": 0.9894065907939463,
      "Mid-Low": 1.5571577005798802
    },
    {
      "High": 2.131325278134455,
      "Low": 1.7533548347251648,
      "Mid-High": 0.9860824943349779,
      "Mid-Low": 1.6814214835519776
    },
    {
      "High": 1.7826175780721314,
      "Low": 1.7163818418366465,
      "Mid-High": 0.9799423968959263,
      "Mid-Low": 1.5500289379560128
    }
  ],
  "_all_group_costs_fair": [
    {
      "High": 40.069464683532715,
      "Low": 373.4377551972866,
      "Mid-High": 143.91177341341972,
      "Mid-Low": 403.6481682062149
    },
    {
      "High": 44.19193595647812,
      "Low": 363.4299363195896,
      "Mid-High": 139.14002487063408,
      "Mid-Low": 360.29372665286064
    },
    {
      "High": 46.41828206181526,
      "Low": 375.6825630068779,
      "Mid-High": 139.78478106856346,
      "Mid-Low": 361.5833679139614
    },
    {
      "High": 47.59260964393616,
      "Low": 366.0695838332176,
      "Mid-High": 141.72781446576118,
      "Mid-Low": 359.7451201081276
    },
    {
      "High": 44.37714260816574,
      "Low": 386.4726876318455,
      "Mid-High": 140.11595612764359,
      "Mid-Low": 381.56379160284996
    },
    {
      "High": 39.94639000296593,
      "Low": 367.93330720067024,
      "Mid-High": 149.08424904942513,
      "Mid-Low": 379.2929683625698
    },
    {
      "High": 45.430606693029404,
      "Low": 408.7312515079975,
      "Mid-High": 137.74006605148315,
      "Mid-Low": 356.4542346596718
    },
    {
      "High": 43.31287431716919,
      "Low": 343.7365372180939,
      "Mid-High": 137.99014216661453,
      "Mid-Low": 335.4180932343006
    },
    {
      "High": 45.49825847148895,
      "Low": 347.1893601715565,
      "Mid-High": 142.63898926973343,
      "Mid-Low": 356.1406607925892
    },
    {
      "High": 41.00421670079231,
      "Low": 347.9137971997261,
      "Mid-High": 136.98299154639244,
      "Mid-Low": 325.2519380450249
    }
  ],
  "_all_group_costs_unfair": [
    {
      "High": 22.51175656914711,
      "Low": 202.48519557714462,
      "Mid-High": 144.19279298186302,
      "Mid-Low": 209.38901457190514
    },
    {
      "High": 27.828061282634735,
      "Low": 212.96195131540298,
      "Mid-High": 150.3093086183071,
      "Mid-Low": 216.19914332032204
    },
    {
      "High": 24.660105764865875,
      "Low": 206.86624804139137,
      "Mid-High": 143.75457194447517,