{
  "number of runs": 10,
  "All results Fair Cost (mean)": 3686.7919108450415,
  "All results Fair Cost (std)": 57.97548509209147,
  "All results Fair Cost (min)": 3618.8036887049675,
  "All results Fair Cost (max)": 3811.2559876441956,
  "All results Unfair Cost (mean)": 3527.087507498264,
  "All results Unfair Cost (std)": 12.827948229633552,
  "All results PoF (mean)": 1.045276572070702,
  "All results PoF (std)": 0.015788409978336623,
  "All results PoF (min)": 1.0281997194810804,
  "All results PoF (max)": 1.079777192967441,
  "Avg Timing": {
    "Balance Dataset": 0.04694574479653966,
    "B\u00f6hm Fair Clustering": 1548.9719042811018,
    "Total Time": 1549.3151770679003,
    "Vanilla k-Median": 0.2827106370998081
  },
  "G-PoF means": {
    "High": 1.032817562848188,
    "Low": 1.0640070367559082,
    "Mid-High": 1.0086354888365845,
    "Mid-Low": 1.0566830563236251
  },
  "G-PoF stds": {
    "High": 0.03824370513405105,
    "Low": 0.014640635644990076,
    "Mid-High": 0.023881202707801214,
    "Mid-Low": 0.022172550575161806
  },
  "G-PoF spreads": [
    0.12173521037794655,
    0.11850578875091644,
    0.06848058944242386,
    0.061936980342815584,
    0.06740780054614393,
    0.0628768240904306,
    0.09191581810184446,
    0.04637104189969399,
    0.05611873711192872,
    0.050438232955157924
  ],
  "G-PoF Ginis": [
    0.02384450324521907,
    0.022144760495673745,
    0.013569689725649613,
    0.011436272213597451,
    0.012447829763666169,
    0.014167080221129408,
    0.018991969707342182,
    0.009618634291341724,
    0.010155147664300089,
    0.009269957829206926
  ],
  "Pooled C-PoF values": [],
  "C-PoF spreads": [],
  "C-PoF Ginis": [],
  "_fair_costs": [
    3742.8691219091415,
    3811.2559876441956,
    3670.6294426321983,
    3642.0717876553535,
    3684.9930296838284,
    3694.5455789268017,
    3714.2864638864994,
    3632.2124050557613,
    3656.2516023516655,
    3618.8036887049675
  ],
  "_unfair_costs": [
    3520.3275237083435,
    3529.668909907341,
    3530.5084993839264,
    3505.960428237915,
    3519.62902751565,
    3550.1522040069103,
    3542.668232291937,
    3532.5942384898663,
    3520.0316503047943,
    3519.3343611359596
  ],
  "_pofs": [
    1.0632161629001982,
    1.079777192967441,
    1.0396886010252413,
    1.0388228453239696,
    1.0469833612791009,
    1.0406724463128427,
    1.048443212951819,
    1.0281997194810804,
    1.038698502053263,
    1.028263676412065
  ],
  "_timings": [
    {
      "Balance Dataset": 0.04859107799711637,
      "Vanilla k-Median": 0.2707315470033791,
      "B\u00f6hm Fair Clustering": 1528.8521987819986,
      "Total Time": 1529.1850472430087
    },
    {
      "Balance Dataset": 0.04795683600241318,
      "Vanilla k-Median": 0.21312222999404185,
      "B\u00f6hm Fair Clustering": 1476.7500137970055,
      "Total Time": 1477.0243246809987
    },
    {
      "Balance Dataset": 0.049088348998338915,
      "Vanilla k-Median": 0.3227207549934974,
      "B\u00f6hm Fair Clustering": 1662.7452062240045,
      "Total Time": 1663.1316954890062
    },
    {
      "Balance Dataset": 0.04425523399550002,
      "Vanilla k-Median": 0.30401576099393424,
      "B\u00f6hm Fair Clustering": 1441.5518448010116,
      "Total Time": 1441.913349104987
    },
    {
      "Balance Dataset": 0.04494769200391602,
      "Vanilla k-Median": 0.30544500399264507,
      "B\u00f6hm Fair Clustering": 1602.4332558219903,
      "Total Time": 1602.796894455998
    },
    {
      "Balance Dataset": 0.04820027798996307,
      "Vanilla k-Median": 0.26679668099677656,
      "B\u00f6hm Fair Clustering": 1670.2274049400003,
      "Total Time": 1670.556295795992
    },
    {
      "Balance Dataset": 0.04405688098631799,
      "Vanilla k-Median": 0.27635266800643876,
      "B\u00f6hm Fair Clustering": 1693.024571831993,
      "Total Time": 1693.3583980530093
    },
    {
      "Balance Dataset": 0.048883018011110835,
      "Vanilla k-Median": 0.26316072899498977,
      "B\u00f6hm Fair Clustering": 1468.4358524400013,
      "Total Time": 1468.761610474001
    },
    {
      "Balance Dataset": 0.04735015299229417,
      "Vanilla k-Median": 0.25347301200963557,
      "B\u00f6hm Fair Clustering": 1426.2612048650044,
      "Total Time": 1426.5758628939948
    },
    {
      "Balance Dataset": 0.04612792898842599,
      "Vanilla k-Median": 0.3512879840127425,
      "B\u00f6hm Fair Clustering": 1519.4374893080094,
      "Total Time": 1519.8482924880082
    }
  ],
  "_all_cpofs": [],
  "_all_gpofs": [
    {
      "High": 0.9701124271352273,
      "Low": 1.0682049037958339,
      "Mid-High": 1.0360456449630489,
      "Mid-Low": 1.0918476375131738
    },
    {
      "High": 0.9788752259780626,
      "Low": 1.086567901394281,
      "Mid-High": 1.067378013326138,
      "Mid-Low": 1.097381014728979
    },
    {
      "High": 1.066111925448619,
      "Low": 1.0646926659766538,
      "Mid-High": 0.9976313360061952,
      "Mid-Low": 1.0436773059925593
    },
    {
      "High": 1.0538162974416914,
      "Low": 1.0590446435371117,
      "Mid-High": 0.9971076631942961,
      "Mid-Low": 1.0493584526799304
    },
    {
      "High": 1.0579504459681695,
      "Low": 1.0656804084089697,
      "Mid-High": 0.9982726078628258,
      "Mid-Low": 1.0641564910457444
    },
    {
      "High": 1.01131113040944,
      "Low": 1.0612799722700812,
      "Mid-High": 0.9984031481796506,
      "Mid-Low": 1.0565835621198607
    },
    {
      "High": 1.0872389327434282,
      "Low": 1.0889249980052653,
      "Mid-High": 0.9970091799034209,
      "Mid-Low": 1.0427143586246823
    },
    {
      "High": 1.0172668048239033,
      "Low": 1.0450749831288562,
      "Mid-High": 0.9987039412291622,
      "Mid-Low": 1.0357770389783232
    },
    {
      "High": 1.054519094680346,
      "Low": 1.05275866195418,
      "Mid-High": 0.9984003575684173,
      "Mid-Low": 1.0533444017739682
    },
    {
      "High": 1.030973343852992,
      "Low": 1.0478412290878487,
      "Mid-High": 0.9974029961326908,
      "Mid-Low": 1.0319902997790305
    }
  ],
  "_all_group_costs_fair": [
    {
      "High": 162.92638483643532,
      "Low": 1269.5425272583961,
      "Mid-High": 970.0656353831291,
      "Mid-Low": 1340.334574431181
    },
    {
      "High": 180.63641953468323,
      "Low": 1288.3647414445877,
      "Mid-High": 976.4078954160213,
      "Mid-Low": 1365.8469312489033
    },
    {
      "High": 186.20700973272324,
      "Low": 1257.4795113801956,
      "Mid-High": 927.7646994590759,
      "Mid-Low": 1299.1782220602036
    },
    {
      "High": 193.80295965075493,
      "Low": 1232.3861213624477,
      "Mid-High": 935.622949630022,
      "Mid-Low": 1280.2597570121288
    },
    {
      "High": 183.09537360072136,
      "Low": 1283.2744031846523,
      "Mid-High": 927.3640101850033,
      "Mid-Low": 1291.2592427134514
    },
    {
      "High": 174.4288915991783,
      "Low": 1256.219992339611,
      "Mid-High": 930.740052074194,
      "Mid-Low": 1333.1566429138184
    },
    {
      "High": 188.12824022769928,
      "Low": 1285.929946064949,
      "Mid-High": 915.7422509789467,
      "Mid-Low": 1324.4860266149044
    },
    {
      "High": 179.42122900485992,
      "Low": 1230.0656359791756,
      "Mid-High": 927.950071901083,
      "Mid-Low": 1294.7754681706429
    },
    {
      "High": 180.64754515886307,
      "Low": 1230.5349940359592,
      "Mid-High": 928.0153807401657,
      "Mid-Low": 1317.0536824166775
    },
    {
      "High": 183.75616014003754,
      "Low": 1252.4250156879425,
      "Mid-High": 919.3228444159031,
      "Mid-Low": 1263.2996684610844
    }
  ],
  "_all_group_costs_unfair": [
    {
      "High": 167.94587954878807,
      "Low": 1188.482212305069,
      "Mid-High": 936.3155379295349,
      "Mid-Low": 1227.5838939249516
    },
    {
      "High": 184.53467279672623,
      "Low": 1185.7194932699203,
      "Mid-High": 914.7723517119884,
      "Mid-Low": 1244.642392128706
    },
    {
      "High": 174.65990698337555,