{
  "number of runs": 10,
  "All results Fair Cost (mean)": 1903.7641223073006,
  "All results Fair Cost (std)": 99.8881875858932,
  "All results Fair Cost (min)": 1828.6542799472809,
  "All results Fair Cost (max)": 2162.3587608337402,
  "All results Unfair Cost (mean)": 1689.8389736175536,
  "All results Unfair Cost (std)": 32.667426053910205,
  "All results PoF (mean)": 1.1271815088577586,
  "All results PoF (std)": 0.06688973707188665,
  "All results PoF (min)": 1.0489613878523631,
  "All results PoF (max)": 1.2842280135317683,
  "Avg Timing": {
    "Balance Dataset": 0.04640783940412803,
    "B\u00f6hm Fair Clustering": 1549.830292776697,
    "Total Time": 1550.3823481707993,
    "Vanilla k-Median": 0.4906406214024173
  },
  "G-PoF means": {
    "High": 1.1737286887383462,
    "Low": 1.1062483852921599,
    "Mid-High": 1.1104101517403788,
    "Mid-Low": 1.1526918255760603
  },
  "G-PoF stds": {
    "High": 0.14810354121133842,
    "Low": 0.11883812888342617,
    "Mid-High": 0.12046420932468838,
    "Mid-Low": 0.09147552985013022
  },
  "G-PoF spreads": [
    0.28076442564059323,
    0.31300880715933743,
    0.27086659819680836,
    0.1935599346637492,
    0.3444974792236175,
    0.22752931551372324,
    0.40315037405634147,
    0.1538934403101624,
    0.26252811450163205,
    0.18224692761624006
  ],
  "G-PoF Ginis": [
    0.049562767629749524,
    0.05411205384164709,
    0.04470799303512275,
    0.03669854239061577,
    0.057182395408411205,
    0.037269634724734386,
    0.06604949490004673,
    0.036599883242149925,
    0.04408121152009475,
    0.03247284068576019
  ],
  "Pooled C-PoF values": [],
  "C-PoF spreads": [],
  "C-PoF Ginis": [],
  "_fair_costs": [
    1871.3230490982533,
    1840.5312387943268,
    1945.72708684206,
    1844.5601396262646,
    1865.5665427744389,
    1946.2705924212933,
    2162.3587608337402,
    1828.6542799472809,
    1887.5389845073223,
    1845.1105482280254
  ],
  "_unfair_costs": [
    1711.1334361732006,
    1653.3352461755276,
    1660.318351507187,
    1710.5602719187737,
    1659.784052759409,
    1700.595816552639,
    1683.781024903059,
    1743.2998975217342,
    1651.7667717933655,
    1723.8148668706417
  ],
  "_pofs": [
    1.0936160848351504,
    1.1132232516374512,
    1.1719000064510445,
    1.078336829112242,
    1.123981484020716,
    1.144463942270935,
    1.2842280135317683,
    1.0489613878523631,
    1.1427394089408718,
    1.0703646799250432
  ],
  "_timings": [
    {
      "Balance Dataset": 0.04755083299824037,
      "Vanilla k-Median": 0.5297198240004946,
      "B\u00f6hm Fair Clustering": 1527.5066577729885,
      "Total Time": 1528.0992039409903
    },
    {
      "Balance Dataset": 0.04453652200754732,
      "Vanilla k-Median": 0.5613272360060364,
      "B\u00f6hm Fair Clustering": 1477.6779633469996,
      "Total Time": 1478.298769725996
    },
    {
      "Balance Dataset": 0.04557208000915125,
      "Vanilla k-Median": 0.45683288101281505,
      "B\u00f6hm Fair Clustering": 1666.142861618995,
      "Total Time": 1666.660095498999
    },
    {
      "Balance Dataset": 0.04534252699522767,
      "Vanilla k-Median": 0.3724165820021881,
      "B\u00f6hm Fair Clustering": 1441.8099495049973,
      "Total Time": 1442.2428133119975
    },
    {
      "Balance Dataset": 0.045569758003694005,
      "Vanilla k-Median": 0.5630114179948578,
      "B\u00f6hm Fair Clustering": 1602.227713344997,
      "Total Time": 1602.8512769469962
    },
    {
      "Balance Dataset": 0.0492240190069424,
      "Vanilla k-Median": 0.5815481770114275,
      "B\u00f6hm Fair Clustering": 1673.138451292005,
      "Total Time": 1673.7847411180119
    },
    {
      "Balance Dataset": 0.04575756500707939,
      "Vanilla k-Median": 0.4153934229980223,
      "B\u00f6hm Fair Clustering": 1694.934663625987,
      "Total Time": 1695.410850772998
    },
    {
      "Balance Dataset": 0.045653977009351365,
      "Vanilla k-Median": 0.37132866600586567,
      "B\u00f6hm Fair Clustering": 1469.010941843997,
      "Total Time": 1469.4426774879976
    },
    {
      "Balance Dataset": 0.044759559008525684,
      "Vanilla k-Median": 0.46268543899350334,
      "B\u00f6hm Fair Clustering": 1426.4807052510005,
      "Total Time": 1427.0028906189982
    },
    {
      "Balance Dataset": 0.05011155399552081,
      "Vanilla k-Median": 0.5921425679989625,
      "B\u00f6hm Fair Clustering": 1519.3730201650033,
      "Total Time": 1520.0301622850093
    }
  ],
  "_all_cpofs": [],
  "_all_gpofs": [
    {
      "High": 1.259294843188223,
      "Low": 1.1221576009558936,
      "Mid-High": 1.1799011991227124,
      "Mid-Low": 0.9785304175476297
    },
    {
      "High": 1.3062612171358379,
      "Low": 0.9932524099765004,
      "Mid-High": 1.2040877014696771,
      "Mid-Low": 1.1383681200130642
    },
    {
      "High": 1.2816174158000677,
      "Low": 1.2416855575414787,
      "Mid-High": 1.0107508176032594,
      "Mid-Low": 1.2065193145924982
    },
    {
      "High": 1.0874149051290491,
      "Low": 0.9557414170426587,
      "Mid-High": 1.149301351706408,
      "Mid-Low": 1.1431816795460361
    },
    {
      "High": 1.3325746886647316,
      "Low": 0.9880772094411141,
      "Mid-High": 1.2101199912397185,
      "Mid-Low": 1.1687034098320328
    },
    {
      "High": 1.2446842534910723,
      "Low": 1.017154937977349,
      "Mid-High": 1.2142686466292592,
      "Mid-Low": 1.1997817981464667
    },
    {
      "High": 0.9271920125933651,
      "Low": 1.3075383996705474,
      "Mid-High": 1.2459318213252875,
      "Mid-Low": 1.3303423866497066
    },
    {
      "High": 0.9551318859391262,
      "Low": 1.0977412468737031,
      "Mid-High": 0.9438478065635407,
      "Mid-Low": 1.0920449870563034
    },
    {
      "High": 1.2569814294697272,
      "Low": 1.205449279050281,
      "Mid-High": 0.9944533149680952,
      "Mid-Low": 1.1761199160298825
    },
    {
      "High": 1.0861342359722614,
      "Low": 1.133685794392071,
      "Mid-High": 0.951438866775831,
      "Mid-Low": 1.093326226346982
    }
  ],
  "_all_group_costs_fair": [
    {
      "High": 99.40894681215286,
      "Low": 666.7494077682495,
      "Mid-High": 523.9706576168537,
      "Mid-Low": 581.1940369009972
    },
    {
      "High": 101.51381424069405,
      "Low": 560.6707602739334,
      "Mid-High": 500.0778602063656,
      "Mid-Low": 678.2688040733337
    },
    {
      "High": 97.17468416690826,
      "Low": 698.8139686584473,
      "Mid-High": 428.3450347185135,
      "Mid-Low": 721.3933992981911
    },
    {
      "High": 95.6894419491291,
      "Low": 554.6797625422478,
      "Mid-High": 520.2627351284027,
      "Mid-Low": 673.928200006485
    },
    {
      "High": 96.97952955961227,
      "Low": 567.895595908165,
      "Mid-High": 515.992486923933,
      "Mid-Low": 684.6989303827286
    },
    {
      "High": 94.90317457914352,
      "Low": 578.4588679969311,
      "Mid-High": 533.3740020394325,
      "Mid-Low": 739.5345478057861
    },
    {
      "High": 65.04562345147133,
      "Low": 749.949682533741,
      "Mid-High": 535.5764501988888,
      "Mid-Low": 811.7870046496391
    },
    {
      "High": 82.58036652207375,
      "Low": 646.5214279592037,
      "Mid-High": 424.3257617354393,
      "Mid-Low": 675.2267237305641
    },
    {
      "High": 89.2958695590496,
      "Low": 670.4601686298847,
      "Mid-High": 422.5640180706978,
      "Mid-Low": 705.2189282476902
    },
    {
      "High": 88.97276747226715,
      "Low": 671.3136414587498,
      "Mid-High": 421.72334918379784,
      "Mid-Low": 663.1007901132107
    }
  ],
  "_all_group_costs_unfair": [
    {
      "High": 78.94016826152802,
      "Low": 594.167349755764,
      "Mid-High": 444.08011281490326,
      "Mid-Low": 593.9458053410053
    },
    {
      "High": 77.71325743198395,
      "Low": 564.4796374440193,
      "Mid-High": 415.3168075680733,
      "Mid-Low": 595.825543731451
    },
    {
      "High": 75.82191297411919,
      "Low": 562.7946338057518,