{
  "number of runs": 10,
  "All results Fair Cost (mean)": 1344.6546815156937,
  "All results Fair Cost (std)": 25.416860231771725,
  "All results Fair Cost (min)": 1312.0801129937172,
  "All results Fair Cost (max)": 1405.412498563528,
  "All results Unfair Cost (mean)": 1053.338870060444,
  "All results Unfair Cost (std)": 27.0868196637716,
  "All results PoF (mean)": 1.277504651782335,
  "All results PoF (std)": 0.046754228227574225,
  "All results PoF (min)": 1.2015361304487688,
  "All results PoF (max)": 1.3671767513028243,
  "Avg Timing": {
    "Balance Dataset": 0.04638226829702034,
    "B\u00f6hm Fair Clustering": 1551.1010448019981,
    "Total Time": 1552.0620078687978,
    "Vanilla k-Median": 0.8979237139006727
  },
  "G-PoF means": {
    "High": 1.473018089214035,
    "Low": 1.3879522371169941,
    "Mid-High": 1.0078992942402947,
    "Mid-Low": 1.334548063100208
  },
  "G-PoF stds": {
    "High": 0.12914748226982184,
    "Low": 0.06148632780516013,
    "Mid-High": 0.0393564638544946,
    "Mid-Low": 0.06402273224355784
  },
  "G-PoF spreads": [
    0.4474249504389408,
    0.36494074890228,
    0.5071312556950469,
    0.5573347232765717,
    0.5861807242486745,
    0.38638591229403496,
    0.7016120912230905,
    0.3181621554265268,
    0.5700809953877494,
    0.32809905282615004
  ],
  "G-PoF Ginis": [
    0.06657913917079014,
    0.05492835343193987,
    0.07422554288108851,
    0.08350194853121806,
    0.0804115065601221,
    0.058699003425922526,
    0.10816293262728163,
    0.05215019441682866,
    0.08358798556318048,
    0.051747436701655276
  ],
  "Pooled C-PoF values": [],
  "C-PoF spreads": [],
  "C-PoF Ginis": [],
  "_fair_costs": [
    1350.3684720695019,
    1337.3629517555237,
    1340.0509069561958,
    1354.165211200714,
    1405.412498563528,
    1341.1013114154339,
    1355.1411536335945,
    1324.3215532898903,
    1326.5426432788372,
    1312.0801129937172
  ],
  "_unfair_costs": [
    1039.2379388213158,
    1047.7120923399925,
    1029.5709515213966,
    1084.5603884160519,
    1027.9669378697872,
    1016.1204485297203,
    1066.8127252459526,
    1102.1903709173203,
    1068.482368260622,
    1050.7344786822796
  ],
  "_pofs": [
    1.2993833477644827,
    1.2764603573187898,
    1.3015624663613548,
    1.2485844270768611,
    1.3671767513028243,
    1.3198251382067412,
    1.2702708934421156,
    1.2015361304487688,
    1.2415203869375124,
    1.2487266189638981
  ],
  "_timings": [
    {
      "Balance Dataset": 0.04824752899003215,
      "Vanilla k-Median": 0.8993450680136448,
      "B\u00f6hm Fair Clustering": 1531.6271245090174,
      "Total Time": 1532.5920097269845
    },
    {
      "Balance Dataset": 0.044914105004863814,
      "Vanilla k-Median": 0.8851684989931528,
      "B\u00f6hm Fair Clustering": 1479.3115401589894,
      "Total Time": 1480.2580991720024
    },
    {
      "Balance Dataset": 0.04758937400765717,
      "Vanilla k-Median": 1.0157339140132535,
      "B\u00f6hm Fair Clustering": 1666.720594915998,
      "Total Time": 1667.8011478289845
    },
    {
      "Balance Dataset": 0.04694763000588864,
      "Vanilla k-Median": 0.8038962210121099,
      "B\u00f6hm Fair Clustering": 1444.6929959130066,
      "Total Time": 1445.5602413779998
    },
    {
      "Balance Dataset": 0.046071646007476375,
      "Vanilla k-Median": 0.7624749690003227,
      "B\u00f6hm Fair Clustering": 1605.6827570440073,
      "Total Time": 1606.5078367829847
    },
    {
      "Balance Dataset": 0.04786664800485596,
      "Vanilla k-Median": 0.8768639029876795,
      "B\u00f6hm Fair Clustering": 1674.106436528993,
      "Total Time": 1675.0479554560152
    },
    {
      "Balance Dataset": 0.046133769006701186,
      "Vanilla k-Median": 0.9902367209724616,
      "B\u00f6hm Fair Clustering": 1695.0791479019972,
      "Total Time": 1696.1323612680135
    },
    {
      "Balance Dataset": 0.0459983789769467,
      "Vanilla k-Median": 0.7648170480097178,
      "B\u00f6hm Fair Clustering": 1468.3579914709844,
      "Total Time": 1469.1852198209963
    },
    {
      "Balance Dataset": 0.04508259298745543,
      "Vanilla k-Median": 1.0780413530010264,
      "B\u00f6hm Fair Clustering": 1425.650185698003,
      "Total Time": 1426.7893379110028
    },
    {
      "Balance Dataset": 0.04497100997832604,
      "Vanilla k-Median": 0.9026594430033583,
      "B\u00f6hm Fair Clustering": 1519.7816738789843,
      "Total Time": 1520.7458693429944
    }
  ],
  "_all_cpofs": [],
  "_all_gpofs": [
    {
      "High": 1.4295906586686893,
      "Low": 1.3797747645177718,
      "Mid-High": 0.9821657082297485,
      "Mid-Low": 1.427383210315231
    },
    {
      "High": 1.3779392566225381,
      "Low": 1.3764868410806683,
      "Mid-High": 1.0129985077202581,
      "Mid-Low": 1.3474930653954458
    },
    {
      "High": 1.5352574409560464,
      "Low": 1.4113524292829065,
      "Mid-High": 1.0281261852609995,
      "Mid-Low": 1.3514037286204441
    },
    {
      "High": 1.5456435144865126,
      "Low": 1.3537127775170306,
      "Mid-High": 0.9883087912099409,
      "Mid-Low": 1.2947499379037712
    },
    {
      "High": 1.6533095112693612,
      "Low": 1.4799352161760453,
      "Mid-High": 1.0671287870206867,
      "Mid-Low": 1.4281009451806248
    },
    {
      "High": 1.3236148375417733,
      "Low": 1.4397794975234357,
      "Mid-High": 1.0533935852294007,
      "Mid-Low": 1.3860666024896222
    },
    {
      "High": 1.6357664369871565,
      "Low": 1.471331891621305,
      "Mid-High": 0.934154345764066,
      "Mid-Low": 1.2757554145061798
    },
    {
      "High": 1.3039962964999556,
      "Low": 1.2976174941405945,
      "Mid-High": 0.9858341410734288,
      "Mid-Low": 1.2442152609946164
    },
    {
      "High": 1.562371031306446,
      "Low": 1.3250239247012567,
      "Mid-High": 0.9922900359186967,
      "Mid-Low": 1.3025699168623
    },
    {
      "High": 1.3626919078018702,
      "Low": 1.344507534608927,
      "Mid-High": 1.0345928549757202,
      "Mid-Low": 1.2877425487338454
    }
  ],
  "_all_group_costs_fair": [
    {
      "High": 58.068718522787094,
      "Low": 503.1822971701622,
      "Mid-High": 255.34846058487892,
      "Mid-Low": 533.7689957916737
    },
    {
      "High": 65.29345121979713,
      "Low": 503.868660479784,
      "Mid-High": 261.8933151960373,
      "Mid-Low": 506.30752485990524
    },
    {
      "High": 66.38881573081017,
      "Low": 507.9931661784649,
      "Mid-High": 257.10669535398483,
      "Mid-Low": 508.56222969293594
    },
    {
      "High": 68.67209857702255,
      "Low": 504.74768114089966,
      "Mid-High": 268.33410573005676,
      "Mid-Low": 512.4113257527351
    },
    {
      "High": 67.10493496060371,
      "Low": 538.0688970983028,
      "Mid-High": 267.8805500268936,
      "Mid-Low": 532.3581164777279
    },
    {
      "High": 53.49925348162651,
      "Low": 500.9489907026291,
      "Mid-High": 264.3153727352619,
      "Mid-Low": 522.3376944959164
    },
    {
      "High": 66.56719207763672,
      "Low": 538.173810005188,
      "Mid-High": 251.6908379495144,
      "Mid-Low": 498.7093136012554
    },
    {
      "High": 60.613360702991486,
      "Low": 494.5237602889538,
      "Mid-High": 267.73219779133797,
      "Mid-Low": 501.45223450660706
    },
    {
      "High": 63.13144612312317,
      "Low": 484.57501685619354,
      "Mid-High": 268.44389539957047,
      "Mid-Low": 510.39228489995
    },
    {
      "High": 60.21939519047737,
      "Low": 500.3969102203846,
      "Mid-High": 267.4219134747982,
      "Mid-Low": 484.041894108057
    }
  ],
  "_all_group_costs_unfair": [
    {
      "High": 40.61912280321121,
      "Low": 364.6843746602535,
      "Mid-High": 259.9851109087467,
      "Mid-Low": 373.9493304491043
    },
    {
      "High": 47.38485452532768,
      "Low": 366.0541063249111,
      "Mid-High": 258.53277492523193,
      "Mid-Low": 375.7403565645218
    },
    {
      "High": 43.2427904009819,
      "Low": 359.9336038529873,