{
  "number of runs": 10,
  "All results Fair Cost (mean)": 1047.684296953678,
  "All results Fair Cost (std)": 44.651407587748146,
  "All results Fair Cost (min)": 978.3437497019768,
  "All results Fair Cost (max)": 1133.2269856333733,
  "All results Unfair Cost (mean)": 732.982297500968,
  "All results Unfair Cost (std)": 14.621460704938233,
  "All results PoF (mean)": 1.4292400695082754,
  "All results PoF (std)": 0.050636194755876024,
  "All results PoF (min)": 1.3463283794743033,
  "All results PoF (max)": 1.5279073767397344,
  "Avg Timing": {
    "Balance Dataset": 0.04652010630816221,
    "B\u00f6hm Fair Clustering": 1553.6799777420006,
    "Total Time": 1555.1816324299027,
    "Vanilla k-Median": 1.4360158769995905
  },
  "G-PoF means": {
    "High": 1.690952187258668,
    "Low": 1.6091583925372959,
    "Mid-High": 0.9921644252236825,
    "Mid-Low": 1.5239446913427444
  },
  "G-PoF stds": {
    "High": 0.16490584719092444,
    "Low": 0.07445431598018168,
    "Mid-High": 0.0402856220417179,
    "Mid-Low": 0.07966970785043383
  },
  "G-PoF spreads": [
    0.6972317398515525,
    0.6927918771372878,
    0.6950862835691373,
    0.8983879440904435,
    0.8035657309991571,
    0.6151312202857855,
    0.8730657824215018,
    0.6023026620521397,
    0.858630229795204,
    0.5483451571141855
  ],
  "G-PoF Ginis": [
    0.09258686359917859,
    0.09039504235429358,
    0.09655441037119324,
    0.11817012385945744,
    0.0996797784408548,
    0.0873732577834469,
    0.12190392340960345,
    0.08675068648294758,
    0.10662404970007018,
    0.07784417191317415
  ],
  "Pooled C-PoF values": [],
  "C-PoF spreads": [],
  "C-PoF Ginis": [],
  "_fair_costs": [
    1091.3032457530499,
    1059.3798231482506,
    1039.3272326886654,
    1028.9218280613422,
    1133.2269856333733,
    1031.6573154628277,
    1072.5748730301857,
    978.3437497019768,
    1044.0979063808918,
    998.010009676218
  ],
  "_unfair_costs": [
    761.968875259161,
    714.784801274538,
    741.9760489165783,
    724.8809151947498,
    741.6856563985348,
    731.9477275907993,
    745.6220382750034,
    726.6754267513752,
    720.2502467036247,
    720.0312386453152
  ],
  "_pofs": [
    1.4322149909100625,
    1.482096179520413,
    1.4007557713032308,
    1.4194356707334574,
    1.5279073767397344,
    1.409468568006243,
    1.4384967422792219,
    1.3463283794743033,
    1.4496321398839132,
    1.3860648762321743
  ],
  "_timings": [
    {
      "Balance Dataset": 0.04631946701556444,
      "Vanilla k-Median": 1.4797031440248247,
      "B\u00f6hm Fair Clustering": 1533.2775656589947,
      "Total Time": 1534.822285665985
    },
    {
      "Balance Dataset": 0.047740746987983584,
      "Vanilla k-Median": 1.7097256099805236,
      "B\u00f6hm Fair Clustering": 1480.9823347759957,
      "Total Time": 1482.7592545439838
    },
    {
      "Balance Dataset": 0.04622258400195278,
      "Vanilla k-Median": 1.4875764309836086,
      "B\u00f6hm Fair Clustering": 1669.1068047090084,
      "Total Time": 1670.6593473079847
    },
    {
      "Balance Dataset": 0.04544903401983902,
      "Vanilla k-Median": 1.4316069050109945,
      "B\u00f6hm Fair Clustering": 1446.876022662007,
      "Total Time": 1448.3718211050145
    },
    {
      "Balance Dataset": 0.045233990997076035,
      "Vanilla k-Median": 1.5639229269872885,
      "B\u00f6hm Fair Clustering": 1607.290029419004,
      "Total Time": 1608.9176017999998
    },
    {
      "Balance Dataset": 0.047575460019288585,
      "Vanilla k-Median": 1.3824620420054998,
      "B\u00f6hm Fair Clustering": 1676.332253111992,
      "Total Time": 1677.7827590960078
    },
    {
      "Balance Dataset": 0.04792941198684275,
      "Vanilla k-Median": 1.2249367210024502,
      "B\u00f6hm Fair Clustering": 1695.4359954250103,
      "Total Time": 1696.7279104570043
    },
    {
      "Balance Dataset": 0.046605408017057925,
      "Vanilla k-Median": 1.2401657919981517,
      "B\u00f6hm Fair Clustering": 1472.9393646660028,
      "Total Time": 1474.245312580024
    },
    {
      "Balance Dataset": 0.047680950025096536,
      "Vanilla k-Median": 1.2632975070155226,
      "B\u00f6hm Fair Clustering": 1431.280639339995,
      "Total Time": 1432.6109977330198
    },
    {
      "Balance Dataset": 0.044444010010920465,
      "Vanilla k-Median": 1.5767616909870412,
      "B\u00f6hm Fair Clustering": 1523.2787676519947,
      "Total Time": 1524.919034010003
    }
  ],
  "_all_cpofs": [],
  "_all_gpofs": [
    {
      "High": 1.5297784218229407,
      "Low": 1.540030761777965,
      "Mid-High": 0.9542843274732807,
      "Mid-Low": 1.6515160673248332
    },
    {
      "High": 1.7307067205851459,
      "Low": 1.6692491176827196,
      "Mid-High": 1.037914843447858,
      "Mid-Low": 1.5738909571998283
    },
    {
      "High": 1.6600704759438296,
      "Low": 1.5912741587193,
      "Mid-High": 0.9649841923746924,
      "Mid-Low": 1.4774825920770878
    },
    {
      "High": 1.8624382193107967,
      "Low": 1.6110786603720189,
      "Mid-High": 0.9640502752203531,
      "Mid-Low": 1.4997761280653317
    },
    {
      "High": 1.8566261278404292,
      "Low": 1.7136390952565792,
      "Mid-High": 1.0530603968412722,
      "Mid-Low": 1.630726263756733
    },
    {
      "High": 1.4418174369982397,
      "Low": 1.5888091200332546,
      "Mid-High": 0.9736778997474691,
      "Mid-Low": 1.5309601987183605
    },
    {
      "High": 1.8171123283122836,
      "Low": 1.7344955182066983,
      "Mid-High": 0.9440465458907819,
      "Mid-Low": 1.4530239495329849
    },
    {
      "High": 1.5770616306785028,
      "Low": 1.5052851549233899,
      "Mid-High": 0.9747589686263631,
      "Mid-Low": 1.4137805654654318
    },
    {
      "High": 1.9000824838715686,
      "Low": 1.5759626327484562,
      "Mid-High": 1.0414522540763647,
      "Mid-Low": 1.5598764772827334
    },
    {
      "High": 1.5338280272229423,
      "Low": 1.5617597056525765,
      "Mid-High": 1.013414548538391,
      "Mid-Low": 1.4484137140041191
    }
  ],
  "_all_group_costs_fair": [
    {
      "High": 45.85007891058922,
      "Low": 415.9358767271042,
      "Mid-High": 182.5015001296997,
      "Mid-Low": 447.01578998565674
    },
    {
      "High": 52.440618216991425,
      "Low": 414.22433292865753,
      "Mid-High": 182.08507135510445,
      "Mid-Low": 410.6298006474972
    },
    {
      "High": 51.05019053816795,
      "Low": 411.5429939031601,
      "Mid-High": 173.17744520306587,
      "Mid-Low": 403.55660304427147
    },
    {
      "High": 54.09285795688629,
      "Low": 403.5044858753681,
      "Mid-High": 173.91811800003052,
      "Mid-Low": 397.4063662290573
    },
    {
      "High": 54.21251454949379,
      "Low": 447.2122703194618,
      "Mid-High": 190.48704224824905,
      "Mid-Low": 441.3151585161686
    },
    {
      "High": 42.43256428837776,
      "Low": 399.4786123037338,
      "Mid-High": 176.1991401910782,
      "Mid-Low": 413.5469986796379
    },
    {
      "High": 50.85940870642662,
      "Low": 449.17855724692345,
      "Mid-High": 174.1915726661682,
      "Mid-Low": 398.3453344106674
    },
    {
      "High": 46.96820417046547,
      "Low": 381.969861805439,
      "Mid-High": 171.18105018138885,
      "Mid-Low": 378.22463354468346
    },
    {
      "High": 51.03778937458992,
      "Low": 396.38224843144417,
      "Mid-High": 185.997567653656,
      "Mid-Low": 410.6803009212017
    },
    {
      "High": 45.39083358645439,
      "Low": 398.1343213021755,
      "Mid-High": 177.7921962440014,
      "Mid-Low": 376.69265854358673
    }
  ],
  "_all_group_costs_unfair": [
    {
      "High": 29.97171241044998,
      "Low": 270.08283668756485,
      "Mid-High": 191.24436488747597,
      "Mid-Low": 270.6699612736702
    },
    {
      "High": 30.30011820793152,
      "Low": 248.15009847283363,
      "Mid-High": 175.43353629112244,
      "Mid-Low": 260.90104830265045
    },
    {
      "High": 30.751821249723434,
      "Low": 258.62482064962387,