{
    "AGEP_percentiles": {
        "0.1": 21.0,
        "0.2": 29.0,
        "0.25": 32.0,
        "0.33": 38.0,
        "0.5": 50.0,
        "0.66": 60.0,
        "0.75": 65.0,
        "0.8": 68.0,
        "0.9": 75.0,
        "0.95": 81.0,
        "0.99": 91.0
    },
    "AGEP_min": 15.0,
    "AGEP_max": 97.0,
    "PINCP_percentiles": {
        "0.1": 0.0,
        "0.2": 5380.0,
        "0.25": 9600.0,
        "0.33": 15000.0,
        "0.5": 30000.0,
        "0.66": 48000.0,
        "0.75": 61000.0,
        "0.8": 72000.0,
        "0.9": 107800.0,
        "0.95": 155000.0,
        "0.99": 401000.0
    },
    "PINCP_min": 0.0,
    "PINCP_max": 1686200.0,
    "SEX_counts": {
        "2": 1456818,
        "1": 1384408
    },
    "RAC1P_counts": {
        "1": 1936707,
        "9": 281531,
        "2": 252876,
        "6": 175584,
        "8": 155153,
        "3": 28442,
        "5": 4612,
        "7": 4588,
        "4": 1733
    },
    "Lat_bounds": {
        "min": 19.603361129760742,
        "max": 65.24561309814453
    },
    "Lon_bounds": {
        "min": -166.31214904785156,
        "max": -68.33482360839844
    }
}