k,Bera_PoF_mean,Bera_PoF_std,Bercea_PoF_mean,Bercea_PoF_std,Bera_FairCost_mean,Bera_FairCost_std,Bercea_FairCost_mean,Bercea_FairCost_std,Bera_UnfairCost_mean,Bera_UnfairCost_std,Bercea_UnfairCost_mean,Bercea_UnfairCost_std,Bera_Time_mean,Bera_Time_std,Bercea_Time_mean,Bercea_Time_std
3,1.000000,0.000000,1.000000,0.000000,1759.91,11.89,1764.36,7.77,1759.91,11.89,1764.36,7.77,1.21,0.09,1.82,0.24
5,1.000000,0.000000,1.000002,0.000006,1324.99,40.65,1324.95,33.72,1324.99,40.65,1324.95,33.72,1.92,0.18,2.13,0.22
10,1.001307,0.001624,1.000897,0.002123,849.28,16.06,857.13,15.68,848.18,16.33,856.39,16.82,2.48,0.49,3.08,0.28
15,1.001375,0.001472,1.002376,0.002418,649.51,14.35,663.47,19.22,648.63,14.59,661.90,19.08,3.66,0.46,4.46,0.62
20,1.002497,0.002172,1.002059,0.002785,530.43,16.58,530.42,13.79,529.12,16.75,529.33,13.65,4.83,0.43,5.40,0.50
35,1.010154,0.006036,1.010039,0.005362,370.81,8.32,365.88,12.33,367.08,7.59,362.27,12.93,7.48,0.81,7.00,0.83