Algorithm,N_runs,Fair_Cost_mean,Fair_Cost_std,Unfair_Cost_mean,Unfair_Cost_std,PoF_mean,PoF_std,PoF_min,PoF_max
Bera,30,1586.93,33.20,1402.10,36.88,1.132067,0.015938,1.106448,1.167079
Bercea,30,1587.38,33.21,1402.10,36.88,1.132396,0.016011,1.106643,1.167801
Böhm,10,3570.90,111.69,1401.45,40.60,2.549932,0.108638,2.364721,2.682927
Backurs,30,4308.13,69.95,1402.10,36.88,3.074522,0.089512,2.879753,3.217344