Algorithm,Total Cost (Fair),Total Cost (Unfair),PoF,Max G-PoF,Avg G-PoF,Max C-PoF,Avg C-PoF,G-PoF_Adult_,Fair_Cost_Adult_,Unfair_Cost_Adult_,G-PoF_Senior_,Fair_Cost_Senior_,Unfair_Cost_Senior_,G-PoF_YoungAdult_,Fair_Cost_YoungAdult_,Unfair_Cost_YoungAdult_,G-PoF_Youth_,Fair_Cost_Youth_,Unfair_Cost_Youth_
bercea,888.8607034683228,877.0073933601379,1.0135156330470265,1.0454709565485236,1.0144785661666857,1.2345797872640625,1.010631998630978,1.011415004798464,251.08813571929932,248.25431156158447,1.0010283033197556,385.9558391571045,385.5593671798706,1.0454709565485236,198.26085376739502,189.63783979415894,1.0,53.555874824523926,53.555874824523926
