{
  "number of runs": 10,
  "All results Fair Cost (mean)": 1503.9225509226321,
  "All results Fair Cost (std)": 45.972099452642574,
  "All results Fair Cost (min)": 1454.6234837770462,
  "All results Fair Cost (max)": 1597.0170549452305,
  "All results Unfair Cost (mean)": 1401.446088424325,
  "All results Unfair Cost (std)": 40.60481650187549,
  "All results PoF (mean)": 1.073937010167189,
  "All results PoF (std)": 0.04494773694694251,
  "All results PoF (min)": 0.9780387055170866,
  "All results PoF (max)": 1.1442512819633994,
  "Avg Timing": {
    "Balance Dataset": 0.06356244000489823,
    "B\u00f6hm Fair Clustering": 190.02383774999763,
    "Total Time": 190.58867663000711,
    "Vanilla k-Median": 0.49302126999828033
  },
  "G-PoF means": {
    "Adult (45-64)|1": 1.037153400601215,
    "Adult (45-64)|2": 1.056651226219124,
    "Senior (65+)|1": 1.0890274479158304,
    "Senior (65+)|2": 1.0884960347187203,
    "Young Adult (25-44)|1": 1.100170658590443,
    "Young Adult (25-44)|2": 1.1081211492976213,
    "Youth (0-24)|1": 1.0606594426467892,
    "Youth (0-24)|2": 1.0287272433784342
  },
  "G-PoF stds": {
    "Adult (45-64)|1": 0.06617689776598759,
    "Adult (45-64)|2": 0.07583917588141682,
    "Senior (65+)|1": 0.07688081265023018,
    "Senior (65+)|2": 0.07765034088262693,
    "Young Adult (25-44)|1": 0.03877114218843079,
    "Young Adult (25-44)|2": 0.04856214300559268,
    "Youth (0-24)|1": 0.04136678653289831,
    "Youth (0-24)|2": 0.05168794297377295
  },
  "G-PoF spreads": [
    0.11612833587969884,
    0.16661552429330095,
    0.16503151435442553,
    0.1968761128974572,
    0.11019537512665689,
    0.24587441432039836,
    0.10992611052283063,
    0.21209607704473166,
    0.13808617537725976,
    0.19387009259292942
  ],
  "G-PoF Ginis": [
    0.01938940649802006,
    0.024588727814907195,
    0.02404794831650473,
    0.02910387192405309,
    0.020814410628181387,
    0.035454846901828575,
    0.017897616157869178,
    0.031308976856268246,
    0.01932192326737714,
    0.031015564125749764
  ],
  "Pooled C-PoF values": [],
  "C-PoF spreads": [],
  "C-PoF Ginis": [],
  "_fair_costs": [
    1467.5398131012917,
    1474.628484159708,
    1528.4076561033726,
    1523.4057058990002,
    1474.4562329053879,
    1597.0170549452305,
    1498.0019917190075,
    1553.9960350692272,
    1454.6234837770462,
    1467.1490515470505
  ],
  "_unfair_costs": [
    1374.3259129226208,
    1367.9031538665295,
    1372.8326532542706,
    1417.9479261636734,
    1370.4927089512348,
    1395.6873635351658,
    1378.432184457779,
    1423.9369126856327,
    1412.809031933546,
    1500.0930364727974
  ],
  "_pofs": [
    1.0678251783672212,
    1.0780211157431048,
    1.1133240839517582,
    1.0743735209096485,
    1.075858502037352,
    1.1442512819633994,
    1.0867433368209278,
    1.091337699883273,
    1.029596676478118,
    0.9780387055170866
  ],
  "_timings": [
    {
      "Balance Dataset": 0.06232830003136769,
      "Vanilla k-Median": 0.5015200999914669,
      "B\u00f6hm Fair Clustering": 193.52600529999472,
      "Total Time": 194.09792239998933
    },
    {
      "Balance Dataset": 0.06257960002403706,
      "Vanilla k-Median": 0.49983340001199394,
      "B\u00f6hm Fair Clustering": 191.6240029000328,
      "Total Time": 192.19435930001782
    },
    {
      "Balance Dataset": 0.059208699967712164,
      "Vanilla k-Median": 0.5769010999938473,
      "B\u00f6hm Fair Clustering": 186.758443299972,
      "Total Time": 187.4028546999907
    },
    {
      "Balance Dataset": 0.06389320001471788,
      "Vanilla k-Median": 0.41761599999153987,
      "B\u00f6hm Fair Clustering": 182.69695529999444,
      "Total Time": 183.18654210004024
    },
    {
      "Balance Dataset": 0.06398239999543875,
      "Vanilla k-Median": 0.6012865999946371,
      "B\u00f6hm Fair Clustering": 170.67825860000448,
      "Total Time": 171.35325360001298
    },
    {
      "Balance Dataset": 0.06295779999345541,
      "Vanilla k-Median": 0.4256693000206724,
      "B\u00f6hm Fair Clustering": 194.96215159998974,
      "Total Time": 195.45897959999274
    },
    {
      "Balance Dataset": 0.06743120000464842,
      "Vanilla k-Median": 0.5685285999788903,
      "B\u00f6hm Fair Clustering": 200.69079909997527,
      "Total Time": 201.33484339999268
    },
    {
      "Balance Dataset": 0.06725000002188608,
      "Vanilla k-Median": 0.5114108999841847,
      "B\u00f6hm Fair Clustering": 216.11607980000554,
      "Total Time": 216.7028968000086
    },
    {
      "Balance Dataset": 0.06347059999825433,
      "Vanilla k-Median": 0.4557634000084363,
      "B\u00f6hm Fair Clustering": 168.4601057000109,
      "Total Time": 168.9872854000423
    },
    {
      "Balance Dataset": 0.06252259999746457,
      "Vanilla k-Median": 0.3716833000071347,
      "B\u00f6hm Fair Clustering": 194.72557589999633,
      "Total Time": 195.1678289999836
    }
  ],
  "_all_cpofs": [],
  "_all_gpofs": [
    {
      "Adult (45-64)|1": 0.9917640970511697,
      "Adult (45-64)|2": 1.084498928527209,
      "Senior (65+)|1": 1.0313382739014039,
      "Senior (65+)|2": 1.0954485738183886,
      "Young Adult (25-44)|1": 1.1060103274091575,
      "Young Adult (25-44)|2": 1.1078924329308686,
      "Youth (0-24)|1": 1.056295131012516,
      "Youth (0-24)|2": 1.0639658366353988
    },
    {
      "Adult (45-64)|1": 1.000119497124302,
      "Adult (45-64)|2": 1.068791000129201,
      "Senior (65+)|1": 1.1667350214176029,
      "Senior (65+)|2": 1.1241867751664942,
      "Young Adult (25-44)|1": 1.0696716475337806,
      "Young Adult (25-44)|2": 1.0527498058070877,
      "Youth (0-24)|1": 1.106122757063076,
      "Youth (0-24)|2": 1.0498053649366024
    },
    {
      "Adult (45-64)|1": 1.0912740304768842,
      "Adult (45-64)|2": 1.102254054242423,
      "Senior (65+)|1": 1.1434209654457823,
      "Senior (65+)|2": 1.1000693330431426,
      "Young Adult (25-44)|1": 1.1647890521853916,
      "Young Adult (25-44)|2": 1.1589413398794939,
      "Youth (0-24)|1": 1.0814992179565717,
      "Youth (0-24)|2": 0.9997575378309661
    },
    {
      "Adult (45-64)|1": 1.082898676536131,
      "Adult (45-64)|2": 1.0796343856744337,
      "Senior (65+)|1": 1.1514792024236895,
      "Senior (65+)|2": 1.1211354772906128,
      "Young Adult (25-44)|1": 1.0411533566854754,
      "Young Adult (25-44)|2": 1.0624961418043877,
      "Youth (0-24)|1": 1.0284086563540553,
      "Youth (0-24)|2": 0.9546030895262323
    },
    {
      "Adult (45-64)|1": 1.0182036848767901,
      "Adult (45-64)|2": 1.0313531358454613,
      "Senior (65+)|1": 1.1065659548658557,
      "Senior (65+)|2": 1.0888572273839585,
      "Young Adult (25-44)|1": 1.1207431026565164,
      "Young Adult (25-44)|2": 1.128399060003447,
      "Youth (0-24)|1": 1.048817575999204,
      "Youth (0-24)|2": 1.0496262489106998
    },
    {
      "Adult (45-64)|1": 1.1416878030981674,
      "Adult (45-64)|2": 1.2011857066510048,
      "Senior (65+)|1": 1.1752263779295666,
      "Senior (65+)|2": 1.240296229445199,
      "Young Adult (25-44)|1": 1.099811276455696,
      "Young Adult (25-44)|2": 1.1042370005096829,
      "Youth (0-24)|1": 1.0852122937088662,
      "Youth (0-24)|2": 0.9944218151248005
    },
    {
      "Adult (45-64)|1": 1.0567888994905474,
      "Adult (45-64)|2": 1.0185391947810487,
      "Senior (65+)|1": 1.1173130408665581,
      "Senior (65+)|2": 1.11413688215284,
      "Young Adult (25-44)|1": 1.106211472085919,
      "Young Adult (25-44)|2": 1.1284653053038793,
      "Youth (0-24)|1": 1.0879591099813366,
      "Youth (0-24)|2": 1.0627386687806861
    },
    {
      "Adult (45-64)|1": 1.093485673374273,
      "Adult (45-64)|2": 1.0608653746242904,
      "Senior (65+)|1": 0.9880155162534817,
      "Senior (65+)|2": 1.0409992484799961,
      "Young Adult (25-44)|1": 1.1452815171030533,
      "Young Adult (25-44)|2": 1.2001115932982134,
      "Youth (0-24)|1": 1.0974603269387,