{
  "number of runs": 10,
  "All results Fair Cost (mean)": 1489.6553576350211,
  "All results Fair Cost (std)": 45.6587779629017,
  "All results Fair Cost (min)": 1442.1633169949055,
  "All results Fair Cost (max)": 1568.709928482771,
  "All results Unfair Cost (mean)": 1401.446088424325,
  "All results Unfair Cost (std)": 40.60481650187549,
  "All results PoF (mean)": 1.063500539614914,
  "All results PoF (std)": 0.03759212511831951,
  "All results PoF (min)": 0.9784620557795511,
  "All results PoF (max)": 1.1229871250504242,
  "Avg Timing": {
    "Balance Dataset": 0.08926060999801848,
    "B\u00f6hm Fair Clustering": 479.0181393499981,
    "Total Time": 480.09843076000107,
    "Vanilla k-Median": 0.9755114999978105
  },
  "G-PoF means": {
    "Adult (45-64)": 1.0222922893107387,
    "Senior (65+)": 1.0791359367123585,
    "Young Adult (25-44)": 1.1051541670544522,
    "Youth (0-24)": 1.039664879337884
  },
  "G-PoF stds": {
    "Adult (45-64)": 0.07852602783982343,
    "Senior (65+)": 0.06377997512915545,
    "Young Adult (25-44)": 0.049152975768739504,
    "Youth (0-24)": 0.03587094791511014
  },
  "G-PoF spreads": [
    0.1485288651832235,
    0.10390003505742995,
    0.14540771308753087,
    0.18869221878064468,
    0.1255699268750532,
    0.17991742577552938,
    0.11714172675625423,
    0.16478702385712296,
    0.12271998200724576,
    0.15034800579045338
  ],
  "G-PoF Ginis": [
    0.02661385571552016,
    0.019507248611644667,
    0.026105154942085023,
    0.03448133163931495,
    0.024414006684314215,
    0.03637318526036791,
    0.022816118737857275,
    0.03210592128712854,
    0.021898885662722165,
    0.02910758470248452
  ],
  "Pooled C-PoF values": [],
  "C-PoF spreads": [],
  "C-PoF Ginis": [],
  "_fair_costs": [
    1462.1571633815765,
    1448.2927168011665,
    1475.8910304903984,
    1489.2635502815247,
    1442.1633169949055,
    1567.338939845562,
    1464.2580714821815,
    1568.709928482771,
    1510.6947422623634,
    1467.7841163277626
  ],
  "_unfair_costs": [
    1374.3259129226208,
    1367.9031538665295,
    1372.8326532542706,
    1417.9479261636734,
    1370.4927089512348,
    1395.6873635351658,
    1378.432184457779,
    1423.9369126856327,
    1412.809031933546,
    1500.0930364727974
  ],
  "_pofs": [
    1.0639086039440055,
    1.058768460842719,
    1.0750698761366364,
    1.0502949528695311,
    1.0522955048031715,
    1.1229871250504242,
    1.0622634091050065,
    1.10167094799452,
    1.0692844596235718,
    0.9784620557795511
  ],
  "_timings": [
    {
      "Balance Dataset": 0.08879500001785345,
      "Vanilla k-Median": 1.0168726999836508,
      "B\u00f6hm Fair Clustering": 480.89965000000666,
      "Total Time": 482.0218343999877
    },
    {
      "Balance Dataset": 0.08180610000272281,
      "Vanilla k-Median": 0.960284100001445,
      "B\u00f6hm Fair Clustering": 490.54586429998744,
      "Total Time": 491.60147160000633
    },
    {
      "Balance Dataset": 0.0810226000030525,
      "Vanilla k-Median": 1.1581706999859307,
      "B\u00f6hm Fair Clustering": 497.8330575999862,
      "Total Time": 499.08840050001163
    },
    {
      "Balance Dataset": 0.0841845000104513,
      "Vanilla k-Median": 0.8173572999949101,
      "B\u00f6hm Fair Clustering": 494.3299490000063,
      "Total Time": 495.2462788000121
    },
    {
      "Balance Dataset": 0.09044589998666197,
      "Vanilla k-Median": 1.2115394000138622,
      "B\u00f6hm Fair Clustering": 416.1702845999971,
      "Total Time": 417.4871048000059
    },
    {
      "Balance Dataset": 0.09492999999201857,
      "Vanilla k-Median": 0.8474612999998499,
      "B\u00f6hm Fair Clustering": 504.9923460999853,
      "Total Time": 505.9511682000011
    },
    {
      "Balance Dataset": 0.0945163999858778,
      "Vanilla k-Median": 1.103439200000139,
      "B\u00f6hm Fair Clustering": 524.9352830999997,
      "Total Time": 526.150054800004
    },
    {
      "Balance Dataset": 0.09761309999157675,
      "Vanilla k-Median": 1.0446430000010878,
      "B\u00f6hm Fair Clustering": 514.6176586000074,
      "Total Time": 515.7772479999985
    },
    {
      "Balance Dataset": 0.09803249998367392,
      "Vanilla k-Median": 0.8933007000014186,
      "B\u00f6hm Fair Clustering": 458.7378808000067,
      "Total Time": 459.7450140999863
    },
    {
      "Balance Dataset": 0.08126000000629574,
      "Vanilla k-Median": 0.7020465999958105,
      "B\u00f6hm Fair Clustering": 407.11941939999815,
      "Total Time": 407.91573239999707
    }
  ],
  "_all_cpofs": [],
  "_all_gpofs": [
    {
      "Adult (45-64)": 1.0019853979823272,
      "Senior (65+)": 1.0495253324660019,
      "Young Adult (25-44)": 1.1505142631655507,
      "Youth (0-24)": 1.0573749601309659
    },
    {
      "Adult (45-64)": 1.001625036636965,
      "Senior (65+)": 1.105525071694395,
      "Young Adult (25-44)": 1.0766836422493509,
      "Youth (0-24)": 1.0574413186019722
    },
    {
      "Adult (45-64)": 1.0087731169084164,
      "Senior (65+)": 1.0755009133686757,
      "Young Adult (25-44)": 1.1541808299959473,
      "Youth (0-24)": 1.0626047431783063
    },
    {
      "Adult (45-64)": 0.9713767200312055,
      "Senior (65+)": 1.029031628139657,
      "Young Adult (25-44)": 1.1600689388118501,
      "Youth (0-24)": 1.0426763033090352
    },
    {
      "Adult (45-64)": 0.9977965714071264,
      "Senior (65+)": 1.05545777526758,
      "Young Adult (25-44)": 1.1233664982821796,
      "Youth (0-24)": 1.0221338546816543
    },
    {
      "Adult (45-64)": 1.1894415414691117,
      "Senior (65+)": 1.1875755071231267,
      "Young Adult (25-44)": 1.0095241156935824,
      "Youth (0-24)": 1.077798735490455
    },
    {
      "Adult (45-64)": 0.9974231876152251,
      "Senior (65+)": 1.0872222322387342,
      "Young Adult (25-44)": 1.1145649143714793,
      "Youth (0-24)": 1.050774754805673
    },
    {
      "Adult (45-64)": 1.1288305951183566,
      "Senior (65+)": 1.1635546705146709,
      "Young Adult (25-44)": 1.0638997542382282,
      "Youth (0-24)": 0.9987676466575479
    },
    {
      "Adult (45-64)": 1.009226727211748,
      "Senior (65+)": 1.072675333014639,
      "Young Adult (25-44)": 1.1319467092189939,
      "Youth (0-24)": 1.0659444679712615
    },
    {
      "Adult (45-64)": 0.9164439987269049,
      "Senior (65+)": 0.9652909032961062,
      "Young Adult (25-44)": 1.0667920045173582,
      "Youth (0-24)": 0.9611320085519687
    }
  ],
  "_all_group_costs_fair": [
    {
      "Adult (45-64)": 422.3199995160103,
      "Senior (65+)": 389.1588190793991,
      "Young Adult (25-44)": 435.25350564718246,
      "Youth (0-24)": 215.42483913898468
    },
    {
      "Adult (45-64)": 416.2553140223026,
      "Senior (65+)": 408.12963727116585,
      "Young Adult (25-44)": 406.2436757981777,
      "Youth (0-24)": 217.66408970952034
    },
    {
      "Adult (45-64)": 425.1890261769295,
      "Senior (65+)": 396.5405031144619,
      "Young Adult (25-44)": 441.71853998303413,
      "Youth (0-24)": 212.4429612159729
    },
    {
      "Adult (45-64)": 421.82000827789307,
      "Senior (65+)": 388.083374530077,
      "Young Adult (25-44)": 463.5679868757725,
      "Youth (0-24)": 215.79218059778214
    },
    {
      "Adult (45-64)": 415.7841791510582,
      "Senior (65+)": 383.28426429629326,
      "Young Adult (25-44)": 436.95416536927223,
      "Youth (0-24)": 206.14070817828178
    },
    {
      "Adult (45-64)": 514.203517884016,
      "Senior (65+)": 445.6618438363075,
      "Young Adult (25-44)": 390.2238017320633,
      "Youth (0-24)": 217.24977639317513
    },
    {
      "Adult (45-64)": 415.00791984796524,
      "Senior (65+)": 413.6345502138138,
      "Young Adult (25-44)": 422.27880999445915,
      "Youth (0-24)": 213.33679142594337
    },
    {
      "Adult (45-64)": 496.1920257508755,
      "Senior (65+)": 450.38817262649536,
      "Young Adult (25-44)": 417.6938906610012,
      "Youth (0-24)": 204.43583944439888
    },
    {
      "Adult (45-64)": 430.57072058320045,