{
  "number of runs": 10,
  "All results Fair Cost (mean)": 1644.2933755248785,
  "All results Fair Cost (std)": 114.56251483911755,
  "All results Fair Cost (min)": 1540.382123440504,
  "All results Fair Cost (max)": 1810.7281059324741,
  "All results Unfair Cost (mean)": 1401.446088424325,
  "All results Unfair Cost (std)": 40.60481650187549,
  "All results PoF (mean)": 1.1746292253634567,
  "All results PoF (std)": 0.09509382872465083,
  "All results PoF (min)": 1.0473793803197906,
  "All results PoF (max)": 1.3136142106582802,
  "Avg Timing": {
    "Balance Dataset": 0.054258209999534304,
    "B\u00f6hm Fair Clustering": 591.7712382599944,
    "Total Time": 592.3677098999993,
    "Vanilla k-Median": 0.5341507000033744
  },
  "G-PoF means": {
    "High": 1.0982243389706738,
    "Low": 1.1858889399241348,
    "Mid-High": 1.1024317488462678,
    "Mid-Low": 1.226494012848007
  },
  "G-PoF stds": {
    "High": 0.16952551356496276,
    "Low": 0.12804859974689115,
    "Mid-High": 0.1280065843837111,
    "Mid-Low": 0.11463367115379935
  },
  "G-PoF spreads": [
    0.2491189297923575,
    0.23542851209909543,
    0.4576311448899273,
    0.5969515687633405,
    0.31004326425080597,
    0.19577680148778542,
    0.41668161899825373,
    0.18058463020992677,
    0.1864045260847107,
    0.2420801069410119
  ],
  "G-PoF Ginis": [
    0.04050110293931624,
    0.04175187087480664,
    0.07578207252585491,
    0.09653239680842321,
    0.04868115624948383,
    0.0319348416650475,
    0.06726035939298877,
    0.03224497557334497,
    0.03693337059930726,
    0.044950448375701474
  ],
  "Pooled C-PoF values": [],
  "C-PoF spreads": [],
  "C-PoF Ginis": [],
  "_fair_costs": [
    1556.7060436606407,
    1540.382123440504,
    1798.8677604794502,
    1800.2079181075096,
    1645.1577792465687,
    1619.6555556356907,
    1810.7281059324741,
    1546.6525161266327,
    1553.4094376564026,
    1571.1665149629116
  ],
  "_unfair_costs": [
    1374.3259129226208,
    1367.9031538665295,
    1372.8326532542706,
    1417.9479261636734,
    1370.4927089512348,
    1395.6873635351658,
    1378.432184457779,
    1423.9369126856327,
    1412.809031933546,
    1500.0930364727974
  ],
  "_pofs": [
    1.1327051531395294,
    1.1260900445228479,
    1.3103328772194285,
    1.2695867633010043,
    1.20041337578915,
    1.1604716055701982,
    1.3136142106582802,
    1.086180505855102,
    1.0995183372592354,
    1.0473793803197906
  ],
  "_timings": [
    {
      "Balance Dataset": 0.052298299997346476,
      "Vanilla k-Median": 0.5209550999861676,
      "B\u00f6hm Fair Clustering": 589.3933174000122,
      "Total Time": 589.973227999988
    },
    {
      "Balance Dataset": 0.05538079998223111,
      "Vanilla k-Median": 0.5579541999904905,
      "B\u00f6hm Fair Clustering": 577.1153223000001,
      "Total Time": 577.7358738000039
    },
    {
      "Balance Dataset": 0.053802300011739135,
      "Vanilla k-Median": 0.6086594999942463,
      "B\u00f6hm Fair Clustering": 606.1037873000023,
      "Total Time": 606.7730401999725
    },
    {
      "Balance Dataset": 0.04934440000215545,
      "Vanilla k-Median": 0.44522239998332225,
      "B\u00f6hm Fair Clustering": 574.2334482999868,
      "Total Time": 574.7348088000144
    },
    {
      "Balance Dataset": 0.05724290001671761,
      "Vanilla k-Median": 0.6614324000256602,
      "B\u00f6hm Fair Clustering": 610.2395622999757,
      "Total Time": 610.9649266000197
    },
    {
      "Balance Dataset": 0.054449599992949516,
      "Vanilla k-Median": 0.465018200018676,
      "B\u00f6hm Fair Clustering": 620.9176713000052,
      "Total Time": 621.4439910000074
    },
    {
      "Balance Dataset": 0.0576844000024721,
      "Vanilla k-Median": 0.6357052999956068,
      "B\u00f6hm Fair Clustering": 648.8853190999944,
      "Total Time": 649.5862361000036
    },
    {
      "Balance Dataset": 0.05597029998898506,
      "Vanilla k-Median": 0.5609620000177529,
      "B\u00f6hm Fair Clustering": 552.0203625999857,
      "Total Time": 552.6543063999852
    },
    {
      "Balance Dataset": 0.05740510000032373,
      "Vanilla k-Median": 0.5009209000272676,
      "B\u00f6hm Fair Clustering": 553.2650197999901,
      "Total Time": 553.8321077
    },
    {
      "Balance Dataset": 0.04900400000042282,
      "Vanilla k-Median": 0.3846769999945536,
      "B\u00f6hm Fair Clustering": 585.5385721999919,
      "Total Time": 585.9785803999985
    }
  ],
  "_all_cpofs": [],
  "_all_gpofs": [
    {
      "High": 1.2505155628481257,
      "Low": 1.0013966330557682,
      "Mid-High": 1.2029316025360377,
      "Mid-Low": 1.196715296915845
    },
    {
      "High": 1.1828627252790644,
      "Low": 1.2153986407905222,
      "Mid-High": 0.9799701286914267,
      "Mid-Low": 1.1353468933940767
    },
    {
      "High": 0.9398458818260829,
      "Low": 1.3325796183071599,
      "Mid-High": 1.2224596666844527,
      "Mid-Low": 1.3974770267160102
    },
    {
      "High": 0.7710484491004584,
      "Low": 1.2588391565045207,
      "Mid-High": 1.253612168214337,
      "Mid-Low": 1.368000017863799
    },
    {
      "High": 1.3372740821541702,
      "Low": 1.2648854918988375,
      "Mid-High": 1.0272308179033642,
      "Mid-Low": 1.245712669234562
    },
    {
      "High": 1.1895439041883435,
      "Low": 1.2234739474542378,
      "Mid-High": 1.0276971459664523,
      "Mid-Low": 1.1942855318244643
    },
    {
      "High": 0.9474456045010548,
      "Low": 1.3405773469831552,
      "Mid-High": 1.2671315711710205,
      "Mid-Low": 1.3641272234993085
    },
    {
      "High": 1.1153979019794122,
      "Low": 0.9726596864232948,
      "Mid-High": 1.1385579012191085,
      "Mid-Low": 1.1532443166332216
    },
    {
      "High": 1.0679938688632733,
      "Low": 1.1494798049980177,
      "Mid-High": 0.9664911840507353,
      "Mid-Low": 1.152895710135446
    },
    {
      "High": 1.1803154089667531,
      "Low": 1.099599072825833,
      "Mid-High": 0.9382353020257412,
      "Mid-Low": 1.0571354422633386
    }
  ],
  "_all_group_costs_fair": [
    {
      "High": 74.29871699213982,
      "Low": 478.57341080904007,
      "Mid-High": 421.20631328225136,
      "Mid-Low": 582.6276025772095
    },
    {
      "High": 77.14462122321129,
      "Low": 568.4389253854752,
      "Mid-High": 335.5442115664482,
      "Mid-Low": 559.2543652653694
    },
    {
      "High": 57.34080991148949,
      "Low": 626.629510819912,
      "Mid-High": 427.445719063282,
      "Mid-Low": 687.4517206847668
    },
    {
      "High": 56.59288102388382,
      "Low": 608.1215615868568,
      "Mid-High": 471.2139241695404,
      "Mid-Low": 664.2795513272285
    },
    {
      "High": 81.4467850625515,
      "Low": 597.0702114403248,
      "Mid-High": 360.6615476310253,
      "Mid-Low": 605.9792351126671
    },
    {
      "High": 72.5173861682415,
      "Low": 571.4977044761181,
      "Mid-High": 373.46890023350716,
      "Mid-Low": 602.171564757824
    },
    {
      "High": 55.95718374848366,
      "Low": 630.3786584436893,
      "Mid-High": 443.4538190662861,
      "Mid-Low": 680.938444674015
    },
    {
      "High": 75.16288182139397,
      "Low": 471.2426925897598,
      "Mid-High": 422.7467963695526,
      "Mid-Low": 577.5001453459263
    },
    {
      "High": 69.76707383990288,
      "Low": 547.6152445077896,
      "Mid-High": 353.8103795647621,
      "Mid-Low": 582.216739743948
    },
    {
      "High": 75.37035977840424,
      "Low": 574.1794517338276,
      "Mid-High": 352.5211693048477,
      "Mid-Low": 569.0955341458321
    }
  ],
  "_all_group_costs_unfair": [
    {
      "High": 59.414468079805374,
      "Low": 477.9059515595436,
      "Mid-High": 350.14984425902367,
      "Mid-Low": 486.8556490242481
    },
    {
      "High": 65.21857488155365,
      "Low": 467.69751611351967,
      "Mid-High": 342.4024893641472,
      "Mid-Low": 492.58457350730896
    },
    {
      "High": 61.01086467504501,
      "Low": 470.2379521727562,
      "Mid-High": 349.6603861153126,