{
  "number of runs": 10,
  "All results Fair Cost (mean)": 3570.8987737089396,
  "All results Fair Cost (std)": 111.69083996778723,
  "All results Fair Cost (min)": 3370.9154316186905,
  "All results Fair Cost (max)": 3698.2331213355064,
  "All results Unfair Cost (mean)": 1401.446088424325,
  "All results Unfair Cost (std)": 40.60481650187549,
  "All results PoF (mean)": 2.5499324873336695,
  "All results PoF (std)": 0.10863790347776218,
  "All results PoF (min)": 2.364721026241906,
  "All results PoF (max)": 2.6829271421794654,
  "Avg Timing": {
    "Balance Dataset": 0.09178082000385075,
    "B\u00f6hm Fair Clustering": 26480.340490510007,
    "Total Time": 26481.02353306,
    "Vanilla k-Median": 0.5775692699994124
  },
  "G-PoF means": {
    "Asian": 1.1882466215704002,
    "Black": 3.290303462106452,
    "Multi": 1.6809046935665808,
    "Native": 1.420201693076675,
    "Other": 1.2926096264983018,
    "White": 2.8376609453958763
  },
  "G-PoF stds": {
    "Asian": 0.6091382849181198,
    "Black": 0.2641568589061924,
    "Multi": 0.22863787674352232,
    "Native": 0.12360785768434034,
    "Other": 0.5622925588297041,
    "White": 0.15611142241637624
  },
  "G-PoF spreads": [
    2.8306260414795252,
    2.8253782225756656,
    3.0192557086172265,
    2.377821614032383,
    2.5313662041557285,
    2.2298761482103804,
    2.179322292878995,
    2.34922417555089,
    2.977668358703808,
    1.9509704351307005
  ],
  "G-PoF Ginis": [
    0.24613886572410623,
    0.2457734514660424,
    0.266510752700578,
    0.2661553424116072,
    0.24780702871781984,
    0.19735694853962432,
    0.221456662510863,
    0.26567031522519546,
    0.28012294278671007,
    0.21175751190293152
  ],
  "Pooled C-PoF values": [],
  "C-PoF spreads": [],
  "C-PoF Ginis": [],
  "_fair_costs": [
    3532.7698614895344,
    3495.7890314757824,
    3449.2597159445286,
    3694.921219289303,
    3666.891057640314,
    3664.198111832142,
    3698.2331213355064,
    3588.708641797304,
    3370.9154316186905,
    3547.3015446662903
  ],
  "_unfair_costs": [
    1374.3259129226208,
    1367.9031538665295,
    1372.8326532542706,
    1417.9479261636734,
    1370.4927089512348,
    1395.6873635351658,
    1378.432184457779,
    1423.9369126856327,
    1412.809031933546,
    1500.0930364727974
  ],
  "_pofs": [
    2.5705473703663198,
    2.5555822585791605,
    2.5125128745795284,
    2.6058229298209072,
    2.6756005586096046,
    2.6253717039832027,
    2.6829271421794654,
    2.5202722184010096,
    2.385966790575591,
    2.364721026241906
  ],
  "_timings": [
    {
      "Balance Dataset": 0.11798219999991488,
      "Vanilla k-Median": 0.733944000000065,
      "B\u00f6hm Fair Clustering": 30155.882180200002,
      "Total Time": 30156.7508347
    },
    {
      "Balance Dataset": 0.08319629999459721,
      "Vanilla k-Median": 0.5128327999991598,
      "B\u00f6hm Fair Clustering": 23250.2046061,
      "Total Time": 23250.8124658
    },
    {
      "Balance Dataset": 0.07724489999964135,
      "Vanilla k-Median": 0.616320100001758,
      "B\u00f6hm Fair Clustering": 24037.9870564,
      "Total Time": 24038.692634200008
    },
    {
      "Balance Dataset": 0.07722839999769349,
      "Vanilla k-Median": 0.439821000007214,
      "B\u00f6hm Fair Clustering": 26068.835258800013,
      "Total Time": 26069.37206380001
    },
    {
      "Balance Dataset": 0.15520459999970626,
      "Vanilla k-Median": 1.1856579999875976,
      "B\u00f6hm Fair Clustering": 27037.936258500005,
      "Total Time": 27039.29492809999
    },
    {
      "Balance Dataset": 0.0787138000014238,
      "Vanilla k-Median": 0.410240099998191,
      "B\u00f6hm Fair Clustering": 33171.09353869999,
      "Total Time": 33171.5942887
    },
    {
      "Balance Dataset": 0.09995280002476647,
      "Vanilla k-Median": 0.5488042999932077,
      "B\u00f6hm Fair Clustering": 25293.048978100007,
      "Total Time": 25293.709562100004
    },
    {
      "Balance Dataset": 0.07594690000405535,
      "Vanilla k-Median": 0.5113231999857817,
      "B\u00f6hm Fair Clustering": 28628.263446800003,
      "Total Time": 28628.8623028
    },
    {
      "Balance Dataset": 0.07681389999925159,
      "Vanilla k-Median": 0.4604840000101831,
      "B\u00f6hm Fair Clustering": 24203.45257730002,
      "Total Time": 24204.001756399986
    },
    {
      "Balance Dataset": 0.07552440001745708,
      "Vanilla k-Median": 0.3562652000109665,
      "B\u00f6hm Fair Clustering": 22956.701004200033,
      "Total Time": 22957.144494000007
    }
  ],
  "_all_cpofs": [],
  "_all_gpofs": [
    {
      "Asian": 0.6820122676626436,
      "Black": 3.5126383091421687,
      "Multi": 1.9035233559849887,
      "Native": 1.45654795177431,
      "Other": 2.0314000005805983,
      "White": 2.78744257856788
    },
    {
      "Asian": 0.7061560426524482,
      "Black": 3.531534265228114,
      "Multi": 1.975101863491175,
      "Native": 1.3865155653934873,
      "Other": 2.047236544540256,
      "White": 2.7440799179638904
    },
    {
      "Asian": 0.6279802922398268,
      "Black": 3.6472360008570535,
      "Multi": 2.006066921407476,
      "Native": 1.2774606338052763,
      "Other": 1.9117817580500722,
      "White": 2.7023368925162203
    },
    {
      "Asian": 1.2176297224193506,
      "Black": 3.1384330051456804,
      "Multi": 1.5246599662834535,
      "Native": 1.3117680248043322,
      "Other": 0.7606113911132972,
      "White": 3.03011187784326
    },
    {
      "Asian": 1.516215291774144,
      "Black": 3.446883503148574,
      "Multi": 1.6511733476960169,
      "Native": 1.3607318200041192,
      "Other": 0.9155172989928455,
      "White": 2.9799986798125326
    },
    {
      "Asian": 2.498168906535479,
      "Black": 3.1580876318844004,
      "Multi": 1.7777509537684573,
      "Native": 1.6902041516783852,
      "Other": 0.92821148367402,
      "White": 2.810961108512373
    },
    {
      "Asian": 1.6014861833577265,
      "Black": 3.0163387002356914,
      "Multi": 1.5468457261732174,
      "Native": 1.515156817036464,
      "Other": 0.886009024590168,
      "White": 3.0653313174691625
    },
    {
      "Asian": 1.1410565327566962,
      "Black": 3.1469514634841897,
      "Multi": 1.358992167778991,
      "Native": 1.4083065793993015,
      "Other": 0.7977272879332998,
      "White": 2.948582515542126
    },
    {
      "Asian": 0.4864991589857412,
      "Black": 3.4641675176895492,
      "Multi": 1.6514054599745147,
      "Native": 1.3073591208711273,
      "Other": 1.7578076863900662,
      "White": 2.648971399285462
    },
    {
      "Asian": 1.405261817319947,
      "Black": 2.840764224249096,
      "Multi": 1.4135271731075192,
      "Native": 1.4879662659999466,
      "Other": 0.8897937891183954,
      "White": 2.6587931664458564
    }
  ],
  "_all_group_costs_fair": [
    {
      "Asian": 50.675768464803696,
      "Black": 383.03169137239456,
      "Multi": 282.02603527903557,
      "Native": 54.039236813783646,
      "Other": 108.50599211454391,
      "White": 2654.491137444973
    },
    {
      "Asian": 51.41016334295273,
      "Black": 389.07941856980324,
      "Multi": 280.3379770219326,
      "Native": 52.63375261425972,
      "Other": 104.45801481604576,
      "White": 2617.8697051107883
    },
    {
      "Asian": 48.001805514097214,
      "Black": 362.3856056034565,
      "Multi": 278.02921456098557,
      "Native": 48.98995026946068,
      "Other": 108.28584703803062,
      "White": 2603.567292958498
    },
    {
      "Asian": 119.3476739525795,
      "Black": 361.72999089956284,
      "Multi": 230.6014650464058,
      "Native": 45.69355112314224,
      "Other": 49.902812510728836,
      "White": 2887.6457257568836
    },
    {
      "Asian": 112.55573281645775,
      "Black": 366.01388317346573,
      "Multi": 228.2308058142662,
      "Native": 55.3468097448349,
      "Other": 48.138455897569656,
      "White": 2856.60537019372
    },
    {
      "Asian": 125.61805188655853,
      "Black": 352.0291996896267,