{
  "number of runs": 10,
  "All results Fair Cost (mean)": 1419.4003171056509,
  "All results Fair Cost (std)": 28.513273439453346,
  "All results Fair Cost (min)": 1388.2890471220016,
  "All results Fair Cost (max)": 1467.7365829646587,
  "All results Unfair Cost (mean)": 1401.446088424325,
  "All results Unfair Cost (std)": 40.60481650187549,
  "All results PoF (mean)": 1.0135426587682457,
  "All results PoF (std)": 0.034891181845552816,
  "All results PoF (min)": 0.9506754116775449,
  "All results PoF (max)": 1.0729828195921174,
  "Avg Timing": {
    "Balance Dataset": 0.037355940003180876,
    "B\u00f6hm Fair Clustering": 94.74540082000021,
    "Total Time": 95.30723923000042,
    "Vanilla k-Median": 0.519679869999527
  },
  "G-PoF means": {
    "1": 1.0188131542055214,
    "2": 1.008243511681512
  },
  "G-PoF stds": {
    "1": 0.04699885690590626,
    "2": 0.03656776221045547
  },
  "G-PoF spreads": [
    0.051875021844084435,
    0.0719993090132367,
    0.05560602248777302,
    0.03845782246000906,
    0.023865438275211925,
    0.047631913745760146,
    0.03326539335365786,
    0.030052784870229665,
    0.037628968556089326,
    0.04683784794263779
  ],
  "G-PoF Ginis": [
    0.012718803428739763,
    0.01676872138767602,
    0.01319311837884213,
    0.009818658722461696,
    0.005872125516527041,
    0.01162273583301244,
    0.008247681046636124,
    0.007386787695282923,
    0.009472766577139885,
    0.012323059652923789
  ],
  "Pooled C-PoF values": [],
  "C-PoF spreads": [],
  "C-PoF Ginis": [],
  "_fair_costs": [
    1400.9404507279396,
    1467.7365829646587,
    1447.3807651400566,
    1388.2890471220016,
    1392.382598400116,
    1429.4613563716412,
    1390.005052447319,
    1448.9357923865318,
    1402.7699604928493,
    1426.101565003395
  ],
  "_unfair_costs": [
    1374.3259129226208,
    1367.9031538665295,
    1372.8326532542706,
    1417.9479261636734,
    1370.4927089512348,
    1395.6873635351658,
    1378.432184457779,
    1423.9369126856327,
    1412.809031933546,
    1500.0930364727974
  ],
  "_pofs": [
    1.0193655213476407,
    1.0729828195921174,
    1.054302402925128,
    0.9790832381821557,
    1.015972277200681,
    1.0241988239765447,
    1.0083956745351912,
    1.0175561708374774,
    0.992894247407976,
    0.9506754116775449
  ],
  "_timings": [
    {
      "Balance Dataset": 0.0380416999978479,
      "Vanilla k-Median": 0.5325647999998182,
      "B\u00f6hm Fair Clustering": 118.06611630000407,
      "Total Time": 118.64152340000146
    },
    {
      "Balance Dataset": 0.03586179998819716,
      "Vanilla k-Median": 0.5207403000094928,
      "B\u00f6hm Fair Clustering": 129.18888899998274,
      "Total Time": 129.74967379998998
    },
    {
      "Balance Dataset": 0.03645810001762584,
      "Vanilla k-Median": 0.6017783999850508,
      "B\u00f6hm Fair Clustering": 120.00790950001101,
      "Total Time": 120.65209580000374
    },
    {
      "Balance Dataset": 0.03529140001046471,
      "Vanilla k-Median": 0.4616857999935746,
      "B\u00f6hm Fair Clustering": 60.233170299994526,
      "Total Time": 60.734613900014665
    },
    {
      "Balance Dataset": 0.03937700000824407,
      "Vanilla k-Median": 0.6381719000055455,
      "B\u00f6hm Fair Clustering": 87.35888699998031,
      "Total Time": 88.04186289999052
    },
    {
      "Balance Dataset": 0.03983790002530441,
      "Vanilla k-Median": 0.45750250000855885,
      "B\u00f6hm Fair Clustering": 115.93113620000076,
      "Total Time": 116.4333621999831
    },
    {
      "Balance Dataset": 0.036432099994271994,
      "Vanilla k-Median": 0.5835640000004787,
      "B\u00f6hm Fair Clustering": 66.63522400002694,
      "Total Time": 67.25972910001292
    },
    {
      "Balance Dataset": 0.03587599997990765,
      "Vanilla k-Median": 0.5226913999940734,
      "B\u00f6hm Fair Clustering": 79.13279900001362,
      "Total Time": 79.69543920000433
    },
    {
      "Balance Dataset": 0.037728499999502674,
      "Vanilla k-Median": 0.477214799990179,
      "B\u00f6hm Fair Clustering": 86.13458909999463,
      "Total Time": 86.65435850000358
    },
    {
      "Balance Dataset": 0.03865490001044236,
      "Vanilla k-Median": 0.40088480000849813,
      "B\u00f6hm Fair Clustering": 84.76528779999353,
      "Total Time": 85.20973349999986
    }
  ],
  "_all_cpofs": [],
  "_all_gpofs": [
    {
      "1": 1.0455896766058344,
      "2": 0.9937146547617499
    },
    {
      "1": 1.1094164545816576,
      "2": 1.037417145568421
    },
    {
      "1": 1.025890681388862,
      "2": 1.081496703876635
    },
    {
      "1": 0.9984314567882746,
      "2": 0.9599736343282655
    },
    {
      "1": 1.0279804095370377,
      "2": 1.0041149712618258
    },
    {
      "1": 1.0483577349469873,
      "2": 1.000725821201227
    },
    {
      "1": 0.9916929516344873,
      "2": 1.0249583449881452
    },
    {
      "1": 1.0020863942712086,
      "2": 1.0321391791414383
    },
    {
      "1": 1.0118973458070195,
      "2": 0.9742683772509302
    },
    {
      "1": 0.9267884364938453,
      "2": 0.9736262844364831
    }
  ],
  "_all_group_costs_fair": [
    {
      "1": 710.5502083599567,
      "2": 690.3902423679829
    },
    {
      "1": 749.6398567259312,
      "2": 718.0967262387276
    },
    {
      "1": 688.7708422839642,
      "2": 758.6099228560925
    },
    {
      "1": 703.4699188172817,
      "2": 684.8191283047199
    },
    {
      "1": 699.9679884314537,
      "2": 692.4146099686623
    },
    {
      "1": 721.054795473814,
      "2": 708.4065608978271
    },
    {
      "1": 680.6131391525269,
      "2": 709.3919132947922
    },
    {
      "1": 692.4020013809204,
      "2": 756.5337910056114
    },
    {
      "1": 707.6429371833801,
      "2": 695.1270233094692
    },
    {
      "1": 681.2414652705193,
      "2": 744.8600997328758
    }
  ],
  "_all_group_costs_unfair": [
    {
      "1": 679.5688827633858,
      "2": 694.757030159235
    },
    {
      "1": 675.7064523696899,
      "2": 692.1967014968395
    },
    {
      "1": 671.3881457149982,
      "2": 701.4445075392723
    },
    {
      "1": 704.5750752687454,
      "2": 713.372850894928
    },
    {
      "1": 680.9156886041164,
      "2": 689.5770203471184
    },
    {
      "1": 687.7946062088013,
      "2": 707.8927573263645
    },
    {
      "1": 686.3143859505653,
      "2": 692.1177985072136
    },
    {
      "1": 690.9603855907917,
      "2": 732.976527094841
    },
    {
      "1": 699.3228513896465,
      "2": 713.4861805438995
    },
    {
      "1": 735.0560693740845,
      "2": 765.0369670987129
    }
  ],
  "_all_cluster_fair_costs": [],
  "_all_cluster_unfair_costs": []
}