{
  "number of runs": 10,
  "All results Fair Cost (mean)": 1146.4801941275596,
  "All results Fair Cost (std)": 23.280541018788362,
  "All results Fair Cost (min)": 1112.2064220011234,
  "All results Fair Cost (max)": 1172.3187009990215,
  "All results Unfair Cost (mean)": 1129.4824726581573,
  "All results Unfair Cost (std)": 16.884977890374138,
  "All results PoF (mean)": 1.0154465390692702,
  "All results PoF (std)": 0.03301737341002324,
  "All results PoF (min)": 0.9663229038016491,
  "All results PoF (max)": 1.0690012960171082,
  "Avg Timing": {
    "Balance Dataset": 0.034459519997471946,
    "B\u00f6hm Fair Clustering": 50.239401440002254,
    "Total Time": 50.6717335699941,
    "Vanilla k-Median": 0.39353777999640444
  },
  "G-PoF means": {
    "1": 1.021110499643671,
    "2": 1.0098940425961498
  },
  "G-PoF stds": {
    "1": 0.042106025768380344,
    "2": 0.03900425108999405
  },
  "G-PoF spreads": [
    0.04981018308479723,
    0.08873420479996164,
    0.0343128229520101,
    0.05628107724767961,
    0.026541551037672306,
    0.04268359518724529,
    0.027300793301616944,
    0.027519954463718133,
    0.02968028234533515,
    0.039349650434787886
  ],
  "G-PoF Ginis": [
    0.012127561907509486,
    0.02137792290522257,
    0.008511582456308942,
    0.014110175989527018,
    0.006845900917173303,
    0.010193859270403454,
    0.006384626433451292,
    0.006865319875689219,
    0.00767763251200266,
    0.009533298862715929
  ],
  "Pooled C-PoF values": [],
  "C-PoF spreads": [],
  "C-PoF Ginis": [],
  "_fair_costs": [
    1160.9161131680012,
    1163.9749186635017,
    1144.609804034233,
    1120.5186731517315,
    1112.2064220011234,
    1172.311449110508,
    1172.3187009990215,
    1131.7177611887455,
    1121.483893185854,
    1164.7442057728767
  ],
  "_unfair_costs": [
    1130.9589010179043,
    1122.4019239246845,
    1135.3568029999733,
    1124.163662135601,
    1147.3420088589191,
    1120.2309216558933,
    1096.6485310792923,
    1128.900023162365,
    1160.5684691667557,
    1128.253482580185
  ],
  "_pofs": [
    1.026488329614042,
    1.0370393117230676,
    1.0081498617965827,
    0.9967575993543991,
    0.9693765358659363,
    1.0464908854485384,
    1.0690012960171082,
    1.0024960031611012,
    0.9663229038016491,
    1.0323426639102782
  ],
  "_timings": [
    {
      "Balance Dataset": 0.03265649999957532,
      "Vanilla k-Median": 0.49406480000470765,
      "B\u00f6hm Fair Clustering": 66.20999050000682,
      "Total Time": 66.74052839999786
    },
    {
      "Balance Dataset": 0.030625699990196154,
      "Vanilla k-Median": 0.3598446999967564,
      "B\u00f6hm Fair Clustering": 74.71208430000115,
      "Total Time": 75.1072198000038
    },
    {
      "Balance Dataset": 0.03237129998160526,
      "Vanilla k-Median": 0.4142482999886852,
      "B\u00f6hm Fair Clustering": 56.7567349000019,
      "Total Time": 57.20773569997982
    },
    {
      "Balance Dataset": 0.032731100014643744,
      "Vanilla k-Median": 0.4276094999804627,
      "B\u00f6hm Fair Clustering": 39.95911850000266,
      "Total Time": 40.42379220001749
    },
    {
      "Balance Dataset": 0.03108119999524206,
      "Vanilla k-Median": 0.41375750000588596,
      "B\u00f6hm Fair Clustering": 37.781437900004676,
      "Total Time": 38.23048650001874
    },
    {
      "Balance Dataset": 0.03265900001861155,
      "Vanilla k-Median": 0.34697199999936856,
      "B\u00f6hm Fair Clustering": 54.91057649999857,
      "Total Time": 55.2953973999829
    },
    {
      "Balance Dataset": 0.044404499989468604,
      "Vanilla k-Median": 0.4357523999933619,
      "B\u00f6hm Fair Clustering": 40.19112430000678,
      "Total Time": 40.67549080000026
    },
    {
      "Balance Dataset": 0.03180690002045594,
      "Vanilla k-Median": 0.2785067000077106,
      "B\u00f6hm Fair Clustering": 39.44178049999755,
      "Total Time": 39.75623099997756
    },
    {
      "Balance Dataset": 0.043685499986168,
      "Vanilla k-Median": 0.3251348999910988,
      "B\u00f6hm Fair Clustering": 46.177566500002285,
      "Total Time": 46.550629199977266
    },
    {
      "Balance Dataset": 0.03257349997875281,
      "Vanilla k-Median": 0.4394869999960065,
      "B\u00f6hm Fair Clustering": 46.253600500000175,
      "Total Time": 46.72982469998533
    }
  ],
  "_all_cpofs": [],
  "_all_gpofs": [
    {
      "1": 1.0517022224223105,
      "2": 1.0018920393375133
    },
    {
      "1": 1.0820521618110144,
      "2": 0.9933179570110527
    },
    {
      "1": 0.9906709557656835,
      "2": 1.0249837787176936
    },
    {
      "1": 1.0253123189307252,
      "2": 0.9690312416830456
    },
    {
      "1": 0.9559789754924379,
      "2": 0.9825205265301102
    },
    {
      "1": 1.0681385517721846,
      "2": 1.0254549565849393
    },
    {
      "1": 1.0553547200220097,
      "2": 1.0826555133236266
    },
    {
      "1": 0.9883766661446785,
      "2": 1.0158966206083966
    },
    {
      "1": 0.9812930906637853,
      "2": 0.9516128083184502
    },
    {
      "1": 1.0122253334118818,
      "2": 1.0515749838466697
    }
  ],
  "_all_group_costs_fair": [
    {
      "1": 587.3420387208462,
      "2": 573.574074447155
    },
    {
      "1": 598.4104210436344,
      "2": 565.5644976198673
    },
    {
      "1": 551.8112207353115,
      "2": 592.7985832989216
    },
    {
      "1": 567.8271293342113,
      "2": 552.6915438175201
    },
    {
      "1": 543.1780099272728,
      "2": 569.0284120738506
    },
    {
      "1": 589.7064086794853,
      "2": 582.6050404310226
    },
    {
      "1": 578.8385694921017,
      "2": 593.4801315069199
    },
    {
      "1": 543.3192147016525,
      "2": 588.398546487093
    },
    {
      "1": 564.4389456808567,
      "2": 557.0449475049973
    },
    {
      "1": 558.1805271804333,
      "2": 606.5636785924435
    }
  ],
  "_all_group_costs_unfair": [
    {
      "1": 558.4680018723011,
      "2": 572.4908991456032
    },
    {
      "1": 553.0328778624535,
      "2": 569.3690460622311
    },
    {
      "1": 557.0075689852238,
      "2": 578.3492340147495
    },
    {
      "1": 553.8089407980442,
      "2": 570.3547213375568
    },
    {
      "1": 568.1903303861618,
      "2": 579.1516784727573
    },
    {
      "1": 552.0879362523556,
      "2": 568.1429854035378
    },
    {
      "1": 548.4777378737926,
      "2": 548.1707932054996
    },
    {
      "1": 549.7086620032787,
      "2": 579.1913611590862
    },
    {
      "1": 575.1991439163685,
      "2": 585.3693252503872
    },
    {
      "1": 551.4390015304089,
      "2": 576.8144810497761
    }
  ],
  "_all_cluster_fair_costs": [],
  "_all_cluster_unfair_costs": []
}