{
  "number of runs": 3,
  "All results Fair Cost (mean)": 67.4412622153759,
  "All results Fair Cost (std)": 3.2738267415476634,
  "All results Fair Cost (min)": 63.789416432380676,
  "All results Fair Cost (max)": 70.11332830786705,
  "All results Unfair Cost (mean)": 59.04871755838394,
  "All results Unfair Cost (std)": 3.972714125883133,
  "All results PoF (mean)": 1.1431857333236304,
  "All results PoF (std)": 0.025914405738458,
  "All results PoF (min)": 1.1198836481150236,
  "All results PoF (max)": 1.1710945753938993,
  "Avg Timing": {
    "Cost Calculation": 0.0010265666448200743,
    "Data Preparation": 0.0025597666390240192,
    "Iterative Rounding": 0.03662860001592586,
    "Solve Initial LP": 0.16279926671025655,
    "Total Time": 0.2299527666376283,
    "Vanilla K-Median": 0.026920366721848648
  },
  "G-PoF means": {
    "Asian": 1.7649965838843447,
    "Black": 1.2105308480575594,
    "Multi": 1.33790186307447,
    "Native": 1.243256905825526,
    "Other": 1.7030791399501626,
    "White": 1.0366175926387882
  },
  "G-PoF stds": {
    "Asian": 0.4894915784845509,
    "Black": 0.10536338526816423,
    "Multi": 0.07295635556190139,
    "Native": 0.1728104821829584,
    "Other": 0.11977454220747377,
    "White": 0.014497811070681732
  },
  "G-PoF spreads": [
    1.2735763597795553,
    0.687400819975573,
    0.7884124584204428
  ],
  "G-PoF Ginis": [
    0.1503965351564268,
    0.0954102752660285,
    0.10521069289538777
  ],
  "Pooled C-PoF values": [
    1.142527382185511,
    1.0266993168126162,
    1.0997370271939284,
    1.3980537220187659,
    1.77639338159346,
    1.2643208240122152,
    1.0123630194612083,
    1.0941120892389036,
    0.9750726308258233,
    1.1086498851718203,
    1.1562026231589957,
    1.1491081171099295,
    1.2720516594386342,
    1.188470219616522,
    0.7989485493008058,
    0.925624686540602,
    0.9278085299956136,
    2.2726554145812825,
    0.9667534730459978,
    0.7398341072557182,
    1.1377978806376878,
    1.3303257799259849,
    1.8393961027559582,
    1.0674589110436006,
    1.087413906656436,
    1.359480308847704,
    0.8247705899294221,
    1.4886933472462363,
    0.6874109713464356,
    1.0015920378170295
  ],
  "C-PoF spreads": [
    0.8013207507676368,
    1.5328213073255643,
    1.1519851314095226
  ],
  "C-PoF Ginis": [
    0.09458778653147845,
    0.16923843171900424,
    0.14921553054200506
  ],
  "_fair_costs": [
    63.789416432380676,
    70.11332830786705,
    68.42104190587997
  ],
  "_unfair_costs": [
    54.4699102640152,
    61.57967936992645,
    61.096563041210175
  ],
  "_pofs": [
    1.1710945753938993,
    1.1385789764619685,
    1.1198836481150236
  ],
  "_timings": [
    {
      "Data Preparation": 0.0033631999976933002,
      "Vanilla K-Median": 0.030845400062389672,
      "Solve Initial LP": 0.1900647000875324,
      "Iterative Rounding": 0.04250460001640022,
      "Cost Calculation": 0.0005894999485462904,
      "Total Time": 0.26740259991493076
    },
    {
      "Data Preparation": 0.0025201999815180898,
      "Vanilla K-Median": 0.02827530005015433,
      "Solve Initial LP": 0.1471426000352949,
      "Iterative Rounding": 0.03895880002528429,
      "Cost Calculation": 0.0008232999825850129,
      "Total Time": 0.21773040003608912
    },
    {
      "Data Preparation": 0.0017958999378606677,
      "Vanilla K-Median": 0.02164040005300194,
      "Solve Initial LP": 0.15119050000794232,
      "Iterative Rounding": 0.028422400006093085,
      "Cost Calculation": 0.0016669000033289194,
      "Total Time": 0.20472529996186495
    }
  ],
  "_all_cpofs": [
    {
      "0": 1.142527382185511,
      "1": 1.0266993168126162,
      "2": 1.0997370271939284,
      "3": 1.3980537220187659,
      "4": 1.77639338159346,
      "5": 1.2643208240122152,
      "6": 1.0123630194612083,
      "7": 1.0941120892389036,
      "8": 0.9750726308258233,
      "9": 1.1086498851718203
    },
    {
      "0": 1.1562026231589957,
      "1": 1.1491081171099295,
      "2": 1.2720516594386342,
      "3": 1.188470219616522,
      "4": 0.7989485493008058,
      "5": 0.925624686540602,
      "6": 0.9278085299956136,
      "7": 2.2726554145812825,
      "8": 0.9667534730459978,
      "9": 0.7398341072557182
    },
    {
      "0": 1.1377978806376878,
      "1": 1.3303257799259849,
      "2": 1.8393961027559582,
      "3": 1.0674589110436006,
      "4": 1.087413906656436,
      "5": 1.359480308847704,
      "6": 0.8247705899294221,
      "7": 1.4886933472462363,
      "8": 0.6874109713464356,
      "9": 1.0015920378170295
    }
  ],
  "_all_gpofs": [
    {
      "Asian": 2.326831486040514,
      "Black": 1.2142672198442943,
      "Multi": 1.419574546201614,
      "Native": 1.1413368526107563,
      "Other": 1.5768264897990667,
      "White": 1.0532551262609586
    },
    {
      "Asian": 1.5375409177247688,
      "Black": 1.3139763488320273,
      "Multi": 1.3149487382233462,
      "Native": 1.1456481274406434,
      "Other": 1.7173061581964861,
      "White": 1.0299053382209131
    },
    {
      "Asian": 1.4306173478877509,
      "Black": 1.103348975496356,
      "Multi": 1.2791823047984492,
      "Native": 1.4427857374251787,
      "Other": 1.8151047718549351,
      "White": 1.0266923134344923
    }
  ],
  "_all_group_costs_fair": [
    {
      "Asian": 4.814082533121109,
      "Black": 5.180490076541901,
      "Multi": 7.023993402719498,
      "Native": 1.5011717081069946,
      "Other": 3.5189261436462402,
      "White": 41.750752568244934
    },
    {
      "Asian": 3.543403923511505,
      "Black": 6.676007091999054,
      "Multi": 8.642077803611755,
      "Native": 3.8429749608039856,
      "Other": 4.540067374706268,
      "White": 42.86879715323448
    },
    {
      "Asian": 8.36626660823822,
      "Black": 5.7453771233558655,
      "Multi": 5.195211231708527,
      "Native": 1.0560035705566406,
      "Other": 3.688965082168579,
      "White": 44.36921828985214
    }
  ],
  "_all_group_costs_unfair": [
    {
      "Asian": 2.068943351507187,
      "Black": 4.2663509249687195,
      "Multi": 4.947956711053848,
      "Native": 1.3152748942375183,
      "Other": 2.2316508293151855,
      "White": 39.63973355293274
    },
    {
      "Asian": 2.304591625928879,
      "Black": 5.080766558647156,
      "Multi": 6.572178483009338,
      "Native": 3.354411244392395,
      "Other": 2.6437146067619324,
      "White": 41.62401685118675
    },
    {
      "Asian": 5.8480114340782166,
      "Black": 5.2072166204452515,
      "Multi": 4.061353266239166,
      "Native": 0.7319198846817017,
      "Other": 2.0323703289031982,
      "White": 43.21569150686264
    }
  ],
  "_all_cluster_fair_costs": [
    {
      "0": 2.7212247252464294,
      "1": 8.618689179420471,
      "2": 8.684727609157562,
      "3": 8.08219900727272,
      "4": 7.252535283565521,
      "5": 7.842089533805847,
      "6": 12.698571920394897,
      "7": 4.217253804206848,
      "8": 0.1608392894268036,
      "9": 3.5112860798835754
    },
    {
      "0": 9.339080572128296,
      "1": 6.119247555732727,
      "2": 8.927223980426788,
      "3": 7.733559012413025,
      "4": 6.253617942333221,
      "5": 9.288740634918213,
      "6": 2.781819462776184,
      "7": 11.033231258392334,
      "8": 8.628365457057953,
      "9": 0.008442431688308716
    },
    {
      "0": 3.521058440208435,
      "1": 1.8328293561935425,
      "2": 7.669081807136536,
      "3": 9.862916707992554,
      "4": 3.697145164012909,
      "5": 4.567488729953766,
      "6": 7.128520727157593,
      "7": 13.137487888336182,
      "8": 4.405209958553314,
      "9": 12.599303126335144
    }
  ],
  "_all_cluster_unfair_costs": [
    {
      "0": 2.3817588686943054,
      "1": 8.394560158252716,
      "2": 7.8970948457717896,
      "3": 5.781036078929901,
      "4": 4.082730412483215,
      "5": 6.202610433101654,
      "6": 12.543496429920197,
      "7": 3.854498863220215,
      "8": 0.16495108604431152,
      "9": 3.1671730875968933
    },
    {
      "0": 8.077373623847961,