{
  "number of runs": 3,
  "All results Fair Cost (mean)": 183.0604230860869,
  "All results Fair Cost (std)": 11.367374979903072,
  "All results Fair Cost (min)": 170.6475533246994,
  "All results Fair Cost (max)": 192.96249216794968,
  "All results Unfair Cost (mean)": 59.04871755838394,
  "All results Unfair Cost (std)": 3.972714125883133,
  "All results PoF (mean)": 3.11115954597352,
  "All results PoF (std)": 0.30750058346829745,
  "All results PoF (min)": 2.793079427554642,
  "All results PoF (max)": 3.406857526773029,
  "Avg Timing": {
    "Base Selection": 0.17078500000449517,
    "Cluster Fairlets": 0.020615100006883342,
    "Data Preparation": 0.0006475999640921751,
    "Fairlet Decomposition": 0.009124633312846223,
    "HST Construction": 0.0162514999974519,
    "Total Time": 0.23890246668209633,
    "Vanilla K-Median": 0.020940066664479673
  },
  "G-PoF means": {
    "Asian": 5.604271349877074,
    "Black": 2.8478588329396146,
    "Multi": 3.926747858660599,
    "Native": 2.647260390580652,
    "Other": 5.349551692980415,
    "White": 2.8205346984287445
  },
  "G-PoF stds": {
    "Asian": 2.3662701667170487,
    "Black": 0.15760420346341256,
    "Multi": 0.3782614322096167,
    "Native": 0.9883216959909417,
    "Other": 0.8216363776580573,
    "White": 0.25522898222659685
  },
  "G-PoF spreads": [
    5.386149570252545,
    3.9099623811708524,
    2.435449716645366
  ],
  "G-PoF Ginis": [
    0.23499122201621556,
    0.20085309951024155,
    0.12922886271467002
  ],
  "Pooled C-PoF values": [],
  "C-PoF spreads": [],
  "C-PoF Ginis": [],
  "_fair_costs": [
    185.57122376561165,
    192.96249216794968,
    170.6475533246994
  ],
  "_unfair_costs": [
    54.4699102640152,
    61.57967936992645,
    61.096563041210175
  ],
  "_pofs": [
    3.406857526773029,
    3.1335416835928895,
    2.793079427554642
  ],
  "_timings": [
    {
      "Data Preparation": 0.0005591999506577849,
      "Vanilla K-Median": 0.028048000065609813,
      "Base Selection": 0.17555059993173927,
      "HST Construction": 0.012441899976693094,
      "Fairlet Decomposition": 0.007687199977226555,
      "Cluster Fairlets": 0.0159906999906525,
      "Total Time": 0.2409357000142336
    },
    {
      "Data Preparation": 0.0008308999240398407,
      "Vanilla K-Median": 0.020838299999013543,
      "Base Selection": 0.1664412000682205,
      "HST Construction": 0.014366299961693585,
      "Fairlet Decomposition": 0.008565799915231764,
      "Cluster Fairlets": 0.022881100070662796,
      "Total Time": 0.23433250002563
    },
    {
      "Data Preparation": 0.0005527000175788999,
      "Vanilla K-Median": 0.013933899928815663,
      "Base Selection": 0.17036320001352578,
      "HST Construction": 0.021946300053969026,
      "Fairlet Decomposition": 0.011120900046080351,
      "Cluster Fairlets": 0.02297349995933473,
      "Total Time": 0.24143920000642538
    }
  ],
  "_all_cpofs": [],
  "_all_gpofs": [
    {
      "Asian": 7.972215235586175,
      "Black": 2.9910863598166637,
      "Multi": 4.318719304220269,
      "Native": 2.5860656653336296,
      "Other": 6.293365184073625,
      "White": 2.964230846840397
    },
    {
      "Asian": 5.600920352751842,
      "Black": 2.8734741372115744,
      "Multi": 3.5638774436628515,
      "Native": 1.6909579715809901,
      "Other": 4.7939884616488495,
      "White": 2.9715215318724306
    },
    {
      "Asian": 3.2396784612932037,
      "Black": 2.679016001790606,
      "Multi": 3.8976468280986754,
      "Native": 3.664757534827337,
      "Other": 4.961301433218772,
      "White": 2.525851716573406
    }
  ],
  "_all_group_costs_fair": [
    {
      "Asian": 16.494061708450317,
      "Black": 12.761024057865143,
      "Multi": 21.368836164474487,
      "Native": 3.401387244462967,
      "Other": 14.044593632221222,
      "White": 117.50132095813751
    },
    {
      "Asian": 12.907834142446518,
      "Black": 14.599451303482056,
      "Multi": 23.42243865132332,
      "Native": 5.672168433666229,
      "Other": 12.673937320709229,
      "White": 123.68666231632233
    },
    {
      "Asian": 18.945676684379578,
      "Black": 13.95021665096283,
      "Multi": 15.829720675945282,
      "Native": 2.6823089122772217,
      "Other": 10.083201825618744,
      "White": 109.15642857551575
    }
  ],
  "_all_group_costs_unfair": [
    {
      "Asian": 2.068943351507187,
      "Black": 4.2663509249687195,
      "Multi": 4.947956711053848,
      "Native": 1.3152748942375183,
      "Other": 2.2316508293151855,
      "White": 39.63973355293274
    },
    {
      "Asian": 2.304591625928879,
      "Black": 5.080766558647156,
      "Multi": 6.572178483009338,
      "Native": 3.354411244392395,
      "Other": 2.6437146067619324,
      "White": 41.62401685118675
    },
    {
      "Asian": 5.8480114340782166,
      "Black": 5.2072166204452515,
      "Multi": 4.061353266239166,
      "Native": 0.7319198846817017,
      "Other": 2.0323703289031982,
      "White": 43.21569150686264
    }
  ],
  "_all_cluster_fair_costs": [],
  "_all_cluster_unfair_costs": []
}