{
  "number of runs": 3,
  "All results Fair Cost (mean)": 68.12391318877538,
  "All results Fair Cost (std)": 2.7304280767559965,
  "All results Fair Cost (min)": 65.05275747179985,
  "All results Fair Cost (max)": 70.27693691849709,
  "All results Unfair Cost (mean)": 59.04871755838394,
  "All results Unfair Cost (std)": 3.972714125883133,
  "All results PoF (mean)": 1.155190575489322,
  "All results PoF (std)": 0.034318301069089105,
  "All results PoF (min)": 1.1300479395127305,
  "All results PoF (max)": 1.1942879501084118,
  "Avg Timing": {
    "Cost Calculation": 6.630000037451585e-05,
    "Data Preparation": 0.0013537333967785041,
    "MCF Rounding": 0.07039656668591003,
    "Solve Initial LP": 0.19146793331795683,
    "Total Time": 0.28734416665975004,
    "Vanilla K-Median": 0.024050033340851467
  },
  "G-PoF means": {
    "Asian": 1.7842380316404298,
    "Black": 1.2315483908896832,
    "Multi": 1.405210498850557,
    "Native": 1.243256905825526,
    "Other": 1.78566448780627,
    "White": 1.0370086738121407
  },
  "G-PoF stds": {
    "Asian": 0.5226320465630645,
    "Black": 0.08051252054096401,
    "Multi": 0.17166105577913043,
    "Native": 0.1728104821829584,
    "Other": 0.16396356028584713,
    "White": 0.015171197639131629
  },
  "G-PoF spreads": [
    1.3301274595277528,
    0.687400819975573,
    0.9460545869555537
  ],
  "G-PoF Ginis": [
    0.15842095914094276,
    0.09542090357772481,
    0.11481523818987019
  ],
  "Pooled C-PoF values": [
    1.142527382185511,
    1.0162858930268561,
    1.0997370271939284,
    1.6115145010617675,
    1.8058986800122925,
    1.2643208240122152,
    1.0123630194612083,
    1.1457915505346095,
    0.0697396853386909,
    1.0917287181973574,
    1.145320544885077,
    1.1783145581052392,
    1.2720516594386342,
    1.1622009217534046,
    0.8382350139319483,
    0.925624686540602,
    0.9605526393712612,
    2.2726554145812825,
    0.9512054059515477,
    0.7398341072557182,
    1.1377978806376878,
    1.2926842489870738,
    1.996223362026095,
    1.0674589110436006,
    1.1201137920873716,
    1.359480308847704,
    0.8287998422796929,
    1.4886933472462363,
    0.6850422933045448,
    0.9927022186589209
  ],
  "C-PoF spreads": [
    1.7361589946736016,
    1.5328213073255643,
    1.3111810687215502
  ],
  "C-PoF Ginis": [
    0.18885275250918215,
    0.16523956348784538,
    0.15830178556227686
  ],
  "_fair_costs": [
    65.05275747179985,
    70.27693691849709,
    69.0420451760292
  ],
  "_unfair_costs": [
    54.4699102640152,
    61.57967936992645,
    61.096563041210175
  ],
  "_pofs": [
    1.1942879501084118,
    1.1412358368468234,
    1.1300479395127305
  ],
  "_timings": [
    {
      "Data Preparation": 0.0012645000824704766,
      "Vanilla K-Median": 0.025629600044339895,
      "Solve Initial LP": 0.1881187999388203,
      "MCF Rounding": 0.07042170001659542,
      "Cost Calculation": 5.709996912628412e-05,
      "Total Time": 0.2855025000171736
    },
    {
      "Data Preparation": 0.0014767000684514642,
      "Vanilla K-Median": 0.02381359995342791,
      "Solve Initial LP": 0.17556520004291087,
      "MCF Rounding": 0.05933800002094358,
      "Cost Calculation": 6.079999729990959e-05,
      "Total Time": 0.26026270003058016
    },
    {
      "Data Preparation": 0.0013200000394135714,
      "Vanilla K-Median": 0.02270690002478659,
      "Solve Initial LP": 0.2107197999721393,
      "MCF Rounding": 0.08143000002019107,
      "Cost Calculation": 8.100003469735384e-05,
      "Total Time": 0.3162672999314964
    }
  ],
  "_all_cpofs": [
    {
      "0": 1.142527382185511,
      "1": 1.0162858930268561,
      "2": 1.0997370271939284,
      "3": 1.6115145010617675,
      "4": 1.8058986800122925,
      "5": 1.2643208240122152,
      "6": 1.0123630194612083,
      "7": 1.1457915505346095,
      "8": 0.0697396853386909,
      "9": 1.0917287181973574
    },
    {
      "0": 1.145320544885077,
      "1": 1.1783145581052392,
      "2": 1.2720516594386342,
      "3": 1.1622009217534046,
      "4": 0.8382350139319483,
      "5": 0.925624686540602,
      "6": 0.9605526393712612,
      "7": 2.2726554145812825,
      "8": 0.9512054059515477,
      "9": 0.7398341072557182
    },
    {
      "0": 1.1377978806376878,
      "1": 1.2926842489870738,
      "2": 1.996223362026095,
      "3": 1.0674589110436006,
      "4": 1.1201137920873716,
      "5": 1.359480308847704,
      "6": 0.8287998422796929,
      "7": 1.4886933472462363,
      "8": 0.6850422933045448,
      "9": 0.9927022186589209
    }
  ],
  "_all_gpofs": [
    {
      "Asian": 2.3845558293087694,
      "Black": 1.2142672198442943,
      "Multi": 1.6007205912846947,
      "Native": 1.1413368526107563,
      "Other": 1.6669404048322785,
      "White": 1.0544283697810166
    },
    {
      "Asian": 1.5375409177247688,
      "Black": 1.3192983109395633,
      "Multi": 1.3357286004685276,
      "Native": 1.1456481274406434,
      "Other": 1.7173061581964861,
      "White": 1.0299053382209131
    },
    {
      "Asian": 1.4306173478877509,
      "Black": 1.161079641885192,
      "Multi": 1.2791823047984492,
      "Native": 1.4427857374251787,
      "Other": 1.972746900390046,
      "White": 1.0266923134344923
    }
  ],
  "_all_group_costs_fair": [
    {
      "Asian": 4.933510929346085,
      "Black": 5.180490076541901,
      "Multi": 7.9202961921691895,
      "Native": 1.5011717081069946,
      "Other": 3.7200289368629456,
      "White": 41.797259628772736
    },
    {
      "Asian": 3.543403923511505,
      "Black": 6.70304673910141,
      "Multi": 8.778646767139435,
      "Native": 3.8429749608039856,
      "Other": 4.540067374706268,
      "White": 42.86879715323448
    },
    {
      "Asian": 8.36626660823822,
      "Black": 6.045993208885193,
      "Multi": 5.195211231708527,
      "Native": 1.0560035705566406,
      "Other": 4.009352266788483,
      "White": 44.36921828985214
    }
  ],
  "_all_group_costs_unfair": [
    {
      "Asian": 2.068943351507187,
      "Black": 4.2663509249687195,
      "Multi": 4.947956711053848,
      "Native": 1.3152748942375183,
      "Other": 2.2316508293151855,
      "White": 39.63973355293274
    },
    {
      "Asian": 2.304591625928879,
      "Black": 5.080766558647156,
      "Multi": 6.572178483009338,
      "Native": 3.354411244392395,
      "Other": 2.6437146067619324,
      "White": 41.62401685118675
    },
    {
      "Asian": 5.8480114340782166,
      "Black": 5.2072166204452515,
      "Multi": 4.061353266239166,
      "Native": 0.7319198846817017,
      "Other": 2.0323703289031982,
      "White": 43.21569150686264
    }
  ],
  "_all_cluster_fair_costs": [
    {
      "0": 2.7212247252464294,
      "1": 8.531273066997528,
      "2": 8.684727609157562,
      "3": 9.316223472356796,
      "4": 7.372997462749481,
      "5": 7.842089533805847,
      "6": 12.698571920394897,
      "7": 4.41645222902298,
      "8": 0.011503636837005615,
      "9": 3.4576938152313232
    },
    {
      "0": 9.251181960105896,
      "1": 6.274778127670288,
      "2": 8.927223980426788,
      "3": 7.562620639801025,
      "4": 6.5611252784729,
      "5": 9.288740634918213,
      "6": 2.879995107650757,
      "7": 11.033231258392334,
      "8": 8.489597499370575,
      "9": 0.008442431688308716
    },
    {
      "0": 3.521058440208435,
      "1": 1.780969500541687,
      "2": 8.322949171066284,
      "3": 9.862916707992554,
      "4": 3.8083229064941406,
      "5": 4.567488729953766,
      "6": 7.163345694541931,
      "7": 13.137487888336182,
      "8": 4.39003050327301,
      "9": 12.487475633621216
    }
  ],
  "_all_cluster_unfair_costs": [
    {
      "0": 2.3817588686943054,
      "1": 8.394560158252716,
      "2": 7.8970948457717896,
      "3": 5.781036078929901,
      "4": 4.082730412483215,
      "5": 6.202610433101654,
      "6": 12.543496429920197,
      "7": 3.854498863220215,
      "8": 0.16495108604431152,
      "9": 3.1671730875968933
    },
    {
      "0": 8.077373623847961,