{
  "number of runs": 3,
  "All results Fair Cost (mean)": 142.17798772454262,
  "All results Fair Cost (std)": 6.319082606730097,
  "All results Fair Cost (min)": 135.76607266068459,
  "All results Fair Cost (max)": 148.39995485544205,
  "All results Unfair Cost (mean)": 59.04871755838394,
  "All results Unfair Cost (std)": 3.972714125883133,
  "All results PoF (mean)": 2.4108645758009097,
  "All results PoF (std)": 0.0811468642670612,
  "All results PoF (min)": 2.3302118576043758,
  "All results PoF (max)": 2.492496719796812,
  "Avg Timing": {
    "Balance Dataset": 0.058127900042260684,
    "B\u00f6hm Fair Clustering": 1.9993713332805783,
    "Total Time": 2.074589266674593,
    "Vanilla k-Median": 0.015415033364358047
  },
  "G-PoF means": {
    "Asian": 2.0866155570710965,
    "Black": 3.3894149761465293,
    "Multi": 2.2322242266082486,
    "Native": 1.253673930860806,
    "Other": 2.375542225583549,
    "White": 2.412030315318079
  },
  "G-PoF stds": {
    "Asian": 1.3955429827108703,
    "Black": 0.2979000458789251,
    "Multi": 0.761747636561936,
    "Native": 1.0032145640465715,
    "Other": 1.4349807156755139,
    "White": 0.18438364639066895
  },
  "G-PoF spreads": [
    2.7926814746253683,
    2.9361342497551903,
    3.2862094816275063
  ],
  "G-PoF Ginis": [
    0.21274555402191384,
    0.2613424480102304,
    0.24741810052956173
  ],
  "Pooled C-PoF values": [],
  "C-PoF spreads": [],
  "C-PoF Ginis": [],
  "_fair_costs": [
    135.76607266068459,
    148.39995485544205,
    142.36793565750122
  ],
  "_unfair_costs": [
    54.4699102640152,
    61.57967936992645,
    61.096563041210175
  ],
  "_pofs": [
    2.492496719796812,
    2.4098851500015415,
    2.3302118576043758
  ],
  "_timings": [
    {
      "Balance Dataset": 0.1227741000475362,
      "Vanilla k-Median": 0.015004600048996508,
      "B\u00f6hm Fair Clustering": 2.140368599910289,
      "Total Time": 2.279811799991876
    },
    {
      "Balance Dataset": 0.024834200041368604,
      "Vanilla k-Median": 0.013989500002935529,
      "B\u00f6hm Fair Clustering": 1.8942250999389216,
      "Total Time": 1.9346266000065953
    },
    {
      "Balance Dataset": 0.02677540003787726,
      "Vanilla k-Median": 0.017251000041142106,
      "B\u00f6hm Fair Clustering": 1.963520299992524,
      "Total Time": 2.009329400025308
    }
  ],
  "_all_cpofs": [],
  "_all_gpofs": [
    {
      "Asian": 3.548373727437321,
      "Black": 3.351358906950231,
      "Multi": 1.9979199146166835,
      "Native": 2.199182082500874,
      "Other": 0.7556922528119525,
      "White": 2.51419509794754
    },
    {
      "Asian": 0.7683801021095985,
      "Black": 3.704514351864789,
      "Multi": 1.6151519081792711,
      "Native": 1.360531977845143,
      "Other": 2.8834172100747866,
      "White": 2.5227165765570048
    },
    {
      "Asian": 1.9430928416663702,
      "Black": 3.1123716696245687,
      "Multi": 3.0836008570287907,
      "Native": 0.20130773223640097,
      "Other": 3.4875172138639075,
      "White": 2.1991792714496925
    }
  ],
  "_all_group_costs_fair": [
    {
      "Asian": 7.34138423204422,
      "Black": 14.298073172569275,
      "Multi": 9.88562124967575,
      "Native": 2.8925289809703827,
      "Other": 1.6864412426948547,
      "White": 99.6620237827301
    },
    {
      "Asian": 1.7708023488521576,
      "Black": 18.821772634983063,
      "Multi": 10.61506661772728,
      "Native": 4.563783764839172,
      "Other": 7.622932195663452,
      "White": 105.00559729337692
    },
    {
      "Asian": 11.363229155540466,
      "Black": 16.20679348707199,
      "Multi": 12.523592412471771,
      "Native": 0.14734113216400146,
      "Other": 7.087926506996155,
      "White": 95.03905296325684
    }
  ],
  "_all_group_costs_unfair": [
    {
      "Asian": 2.068943351507187,
      "Black": 4.2663509249687195,
      "Multi": 4.947956711053848,
      "Native": 1.3152748942375183,
      "Other": 2.2316508293151855,
      "White": 39.63973355293274
    },
    {
      "Asian": 2.304591625928879,
      "Black": 5.080766558647156,
      "Multi": 6.572178483009338,
      "Native": 3.354411244392395,
      "Other": 2.6437146067619324,
      "White": 41.62401685118675
    },
    {
      "Asian": 5.8480114340782166,
      "Black": 5.2072166204452515,
      "Multi": 4.061353266239166,
      "Native": 0.7319198846817017,
      "Other": 2.0323703289031982,
      "White": 43.21569150686264
    }
  ],
  "_all_cluster_fair_costs": [],
  "_all_cluster_unfair_costs": []
}