Algorithm,Total Cost (Fair),Total Cost (Unfair),PoF,Max G-PoF,Avg G-PoF,Max C-PoF,Avg C-PoF
boehm,293.65120881795883,112.21133527159691,2.616947816432305,3.215107286590083,2.058666791251832,20.66434060468538,4.057201765552096
