Algorithm,Total Cost (Fair),Total Cost (Unfair),PoF,Max G-PoF,Avg G-PoF,Max C-PoF,Avg C-PoF,G-PoF_Adult_,Fair_Cost_Adult_,Unfair_Cost_Adult_,G-PoF_Senior_,Fair_Cost_Senior_,Unfair_Cost_Senior_,G-PoF_YoungAdult_,Fair_Cost_YoungAdult_,Unfair_Cost_YoungAdult_,G-PoF_Youth_,Fair_Cost_Youth_,Unfair_Cost_Youth_
boehm,506.1561551094055,449.60851097106934,1.1257708489908342,1.240632051321199,1.125072652129636,2.599012985265351,0.977956778144798,1.1419232731567348,130.03728103637695,113.87567281723022,1.240632051321199,138.26968479156494,111.45100164413452,0.9951463815275772,108.75110149383545,109.28151226043701,1.1225889025130324,129.09808778762817,115.00032424926758
