Feature,L,DI,Alpha,Bera_PoF_mean,Bera_PoF_std,Bercea_PoF_mean,Bercea_PoF_std,Backurs_PoF_mean,Backurs_PoF_std,Bera_FairCost_mean,Bercea_FairCost_mean,Backurs_FairCost_mean,Bera_UnfairCost_mean,Bercea_UnfairCost_mean,Backurs_UnfairCost_mean,Bera_Time_mean,Bera_Time_std,Bercea_Time_mean,Bercea_Time_std,Backurs_Time_mean,Backurs_Time_std
INC_BIN,4,0.0983,0.01,1.012703,0.003283,1.012756,0.003303,2.592568,0.246878,1419.85,1419.92,3633.58,1402.10,1402.10,1402.10,11.06,0.60,10.80,0.58,13.06,0.51
INC_BIN,4,0.0983,0.02,1.004548,0.001669,1.004571,0.001677,3.225543,0.140040,1408.45,1408.48,4520.21,1402.10,1402.10,1402.10,9.85,0.45,9.53,0.46,14.66,0.22
INC_BIN,4,0.0983,0.05,1.000121,0.000292,1.000121,0.000292,3.247555,0.083056,1402.27,1402.27,4550.55,1402.10,1402.10,1402.10,8.06,0.50,7.71,0.50,14.73,0.15
INC_BIN,4,0.0983,0.1,1.000000,0.000000,1.000000,0.000000,3.254535,0.081529,1402.10,1402.10,4560.37,1402.10,1402.10,1402.10,6.01,0.23,5.65,0.24,14.53,0.12
INC_BIN,4,0.0983,0.2,1.000000,0.000000,1.000000,0.000000,3.210209,0.081933,1402.10,1402.10,4498.23,1402.10,1402.10,1402.10,6.34,0.58,7.70,0.77,17.93,1.75