Feature,L,DI,Alpha,Bera_PoF_mean,Bera_PoF_std,Bercea_PoF_mean,Bercea_PoF_std,Backurs_PoF_mean,Backurs_PoF_std,Bera_FairCost_mean,Bercea_FairCost_mean,Backurs_FairCost_mean,Bera_UnfairCost_mean,Bercea_UnfairCost_mean,Backurs_UnfairCost_mean,Bera_Time_mean,Bera_Time_std,Bercea_Time_mean,Bercea_Time_std,Backurs_Time_mean,Backurs_Time_std
RACE_6,6,0.3453,0.01,1.316884,0.024052,1.317710,0.024095,3.074522,0.089512,1845.81,1846.97,4308.13,1402.10,1402.10,1402.10,16.64,0.96,15.75,0.99,16.92,0.19
RACE_6,6,0.3453,0.02,1.260698,0.022289,1.261237,0.022387,3.074522,0.089512,1767.10,1767.85,4308.13,1402.10,1402.10,1402.10,11.10,0.62,10.09,0.60,16.94,0.20
RACE_6,6,0.3453,0.05,1.132072,0.015939,1.132399,0.016012,3.074522,0.089512,1586.93,1587.39,4308.13,1402.10,1402.10,1402.10,11.07,0.45,10.04,0.48,16.90,0.19
RACE_6,6,0.3453,0.1,1.055034,0.011119,1.055073,0.011172,3.307277,0.083073,1479.09,1479.15,4634.23,1402.10,1402.10,1402.10,8.15,1.13,7.11,1.18,17.15,0.13
RACE_6,6,0.3453,0.2,1.004318,0.006293,1.004321,0.006297,3.144121,0.085121,1408.18,1408.18,4405.41,1402.10,1402.10,1402.10,7.69,0.24,6.61,0.26,16.98,0.14