Algorithm,Total Cost (Fair),Total Cost (Unfair),PoF,Max G-PoF,Avg G-PoF,Max C-PoF,Avg C-PoF
bera,902.7930686175823,901.4316740632057,1.0015102581743551,1.002640977528219,1.0013201899056547,1.0724982267892065,1.0140281763786674
