Algorithm,Total Cost (Fair),Total Cost (Unfair),PoF,Max G-PoF,Avg G-PoF,Max C-PoF,Avg C-PoF
bera,5756.41703376174,5675.369464337826,1.0142805803099146,1.01999316727446,1.003053086201394,16.663528167192393,2.550905397091009
