Algorithm,Total Cost (Fair),Total Cost (Unfair),PoF,Max G-PoF,Avg G-PoF,Max C-PoF,Avg C-PoF,G-PoF_Adult_,Fair_Cost_Adult_,Unfair_Cost_Adult_,G-PoF_Senior_,Fair_Cost_Senior_,Unfair_Cost_Senior_,G-PoF_YoungAdult_,Fair_Cost_YoungAdult_,Unfair_Cost_YoungAdult_,G-PoF_Youth_,Fair_Cost_Youth_,Unfair_Cost_Youth_
bera,2757.0090435147285,1557.8544988632202,1.7697474607073649,2.3441935371834823,1.5468744325887938,7.222180124245549,3.166103507723417,1.0,418.2416704297066,418.2416704297066,2.3441935371834823,1516.4907438755035,646.9136271476746,1.8323929990894987,723.1621435284615,394.65450036525726,1.0109111940821942,99.11448568105698,98.04470092058182
