k,Bera_PoF_mean,Bera_PoF_std,Bercea_PoF_mean,Bercea_PoF_std,Backurs_PoF_mean,Backurs_PoF_std,Böhm_PoF_mean,Böhm_PoF_std,Bera_FairCost_mean,Bera_FairCost_std,Bercea_FairCost_mean,Bercea_FairCost_std,Backurs_FairCost_mean,Backurs_FairCost_std,Böhm_FairCost_mean,Böhm_FairCost_std,Bera_UnfairCost_mean,Bera_UnfairCost_std,Bercea_UnfairCost_mean,Bercea_UnfairCost_std,Backurs_UnfairCost_mean,Backurs_UnfairCost_std,Böhm_UnfairCost_mean,Böhm_UnfairCost_std,Bera_Time_mean,Bera_Time_std,Bercea_Time_mean,Bercea_Time_std,Backurs_Time_mean,Backurs_Time_std,Böhm_Time_mean,Böhm_Time_std
3,1.000000,0.000000,1.000000,0.000000,1.680706,0.011890,1.045277,0.015788,3525.68,14.17,3525.68,14.17,5925.57,38.80,3686.79,57.98,3525.68,14.17,3525.68,14.17,3525.68,14.17,3527.09,12.83,5.88,0.87,6.37,1.07,18.80,1.55,1549.32,100.47
5,1.000003,0.000015,1.000003,0.000015,2.120933,0.051489,1.040802,0.045932,2669.84,72.86,2669.84,72.86,5658.98,28.46,2791.50,54.23,2669.83,72.83,2669.83,72.83,2669.83,72.83,2685.99,109.64,6.20,0.29,6.68,0.30,17.39,0.13,1548.58,100.52
10,1.000637,0.001277,1.000637,0.001277,3.220545,0.078992,1.127182,0.066890,1696.88,42.27,1696.88,42.27,5458.27,35.53,1903.76,99.89,1695.78,41.42,1695.78,41.42,1695.78,41.42,1689.84,32.67,10.27,0.67,9.89,0.64,17.75,0.13,1550.38,101.44
20,1.003100,0.003350,1.003111,0.003363,4.985385,0.168756,1.277505,0.046754,1064.13,34.85,1064.14,34.84,5283.19,34.28,1344.65,25.42,1060.83,33.98,1060.83,33.98,1060.83,33.98,1053.34,27.09,18.98,1.88,16.95,1.85,18.51,0.20,1552.06,101.47
35,1.007297,0.005691,1.007330,0.005706,7.069773,0.125177,1.429240,0.050636,738.70,13.30,738.72,13.29,5183.20,37.36,1047.68,44.65,733.36,13.40,733.36,13.40,733.36,13.40,732.98,14.62,32.16,2.64,28.12,2.63,19.65,0.22,1555.18,100.47
50,1.011139,0.006858,1.011307,0.006919,8.821003,0.161508,1.566657,0.068118,588.87,10.38,588.97,10.41,5135.86,38.46,914.69,37.76,582.37,8.72,582.37,8.72,582.37,8.72,583.98,10.52,46.26,3.56,40.19,3.62,21.37,0.30,1559.14,101.00