{
  "number of runs": 10,
  "All results Fair Cost (mean)": 34176.267627990244,
  "All results Fair Cost (std)": 240.6300025562005,
  "All results Fair Cost (min)": 33961.36100944877,
  "All results Fair Cost (max)": 34790.085479438305,
  "All results Unfair Cost (mean)": 11317.200684922933,
  "All results Unfair Cost (std)": 344.8794905657173,
  "All results PoF (mean)": 3.0223083379273863,
  "All results PoF (std)": 0.09196773534145354,
  "All results PoF (min)": 2.857010616701473,
  "All results PoF (max)": 3.116029595107196,
  "Avg Timing": {
    "Base Selection": 6.000000212225132e-07,
    "Cluster Fairlets": 3.5365705099999105,
    "Data Preparation": 0.01092692000001989,
    "Fairlet Decomposition": 3.290345669999988,
    "HST Construction": 4.815040759999829,
    "Total Time": 15.878122760000405,
    "Vanilla K-Median": 4.142505070000152
  },
  "G-PoF means": {
    "Non-White": 3.606498554764999,
    "White": 2.7653504068537207
  },
  "G-PoF stds": {
    "Non-White": 0.19768267976504544,
    "White": 0.07626655756242841
  },
  "G-PoF spreads": [
    0.9178955605564649,
    0.5634561631985244,
    1.1464763981314592,
    0.651149013073915,
    0.6022289419133044,
    0.8891727233756348,
    0.8285582853481088,
    0.9082467516831092,
    0.9580112722501197,
    0.9462863695821451
  ],
  "G-PoF Ginis": [
    0.06988041993592486,
    0.04764442096020982,
    0.09013643877087324,
    0.05332813651219476,
    0.048886466225677966,
    0.06807366762436108,
    0.06396871320123518,
    0.0708961701233887,
    0.07263774775032909,
    0.0716197010242696
  ],
  "Pooled C-PoF values": [],
  "C-PoF spreads": [],
  "C-PoF Ginis": [],
  "_fair_costs": [
    34226.52690970898,
    34175.749635249376,
    33990.2096375227,
    34066.969975590706,
    33961.36100944877,
    34078.623806625605,
    34038.25148743391,
    34790.085479438305,
    34309.92497101426,
    34124.973367869854
  ],
  "_unfair_costs": [
    11035.13209950924,
    11962.066026449203,
    11581.404769897461,
    11612.6685937047,
    11421.796048164368,
    11020.861063659191,
    11049.735212564468,
    11502.039491772652,
    11034.875668287277,
    10951.427875220776
  ],
  "_pofs": [
    3.1015964830390312,
    2.857010616701473,
    2.934895231869496,
    2.9336039085846832,
    2.97338184522274,
    3.0921924892963566,
    3.0804585659871364,
    3.024688404549773,
    3.1092262389159755,
    3.116029595107196
  ],
  "_timings": [
    {
      "Data Preparation": 0.011029699999198783,
      "Vanilla K-Median": 3.7391545999998925,
      "Base Selection": 6.000009307172149e-07,
      "HST Construction": 4.757500899999286,
      "Fairlet Decomposition": 3.2596420999998372,
      "Cluster Fairlets": 4.165075999999317,
      "Total Time": 16.01557589999902
    },
    {
      "Data Preparation": 0.010849500000404078,
      "Vanilla K-Median": 3.7235767000001943,
      "Base Selection": 6.000009307172149e-07,
      "HST Construction": 4.779599800000142,
      "Fairlet Decomposition": 3.2370725000000675,
      "Cluster Fairlets": 4.3376162000004115,
      "Total Time": 16.173068399999465
    },
    {
      "Data Preparation": 0.010798699999213568,
      "Vanilla K-Median": 4.6940004999996745,
      "Base Selection": 3.9999940781854093e-07,
      "HST Construction": 4.966545999999653,
      "Fairlet Decomposition": 3.3651229000006424,
      "Cluster Fairlets": 3.9812092000011035,
      "Total Time": 17.102160300000833
    },
    {
      "Data Preparation": 0.01086089999989781,
      "Vanilla K-Median": 4.730181900000389,
      "Base Selection": 5.999991117278114e-07,
      "HST Construction": 4.820315499999197,
      "Fairlet Decomposition": 3.226794600001085,
      "Cluster Fairlets": 2.4596975999993447,
      "Total Time": 15.330426700000316
    },
    {
      "Data Preparation": 0.01098690000071656,
      "Vanilla K-Median": 3.462933200000407,
      "Base Selection": 5.000001692678779e-07,
      "HST Construction": 4.8310356000001775,
      "Fairlet Decomposition": 3.2788225000003877,
      "Cluster Fairlets": 3.0438195999995514,
      "Total Time": 14.707302800001344
    },
    {
      "Data Preparation": 0.010831000001417124,
      "Vanilla K-Median": 3.1802950000001147,
      "Base Selection": 3.9999940781854093e-07,
      "HST Construction": 4.848825499999293,
      "Fairlet Decomposition": 3.7009875000003376,
      "Cluster Fairlets": 3.616436899999826,
      "Total Time": 15.4402794000016
    },
    {
      "Data Preparation": 0.010908599999311264,
      "Vanilla K-Median": 6.148869999999079,
      "Base Selection": 5.000001692678779e-07,
      "HST Construction": 4.779067100000248,
      "Fairlet Decomposition": 3.171796099999483,
      "Cluster Fairlets": 3.5005340999996406,
      "Total Time": 17.69279590000042
    },
    {
      "Data Preparation": 0.010813400000188267,
      "Vanilla K-Median": 3.271285300001182,
      "Base Selection": 6.000009307172149e-07,
      "HST Construction": 4.787016100000983,
      "Fairlet Decomposition": 3.1843438999985665,
      "Cluster Fairlets": 2.8599991999999475,
      "Total Time": 14.196966900000916
    },
    {
      "Data Preparation": 0.01092650000100548,
      "Vanilla K-Median": 4.22948980000001,
      "Base Selection": 5.000001692678779e-07,
      "HST Construction": 4.791663599999083,
      "Fairlet Decomposition": 3.307252399999925,
      "Cluster Fairlets": 3.7052936000000045,
      "Total Time": 16.12574820000009
    },
    {
      "Data Preparation": 0.011263999998845975,
      "Vanilla K-Median": 4.245263700000578,
      "Base Selection": 1.2999989849049598e-06,
      "HST Construction": 4.788837500000227,
      "Fairlet Decomposition": 3.171622199999547,
      "Cluster Fairlets": 3.6960226999999577,
      "Total Time": 15.996903100000054
    }
  ],
  "_all_cpofs": [],
  "_all_gpofs": [
    {
      "Non-White": 3.74275589633601,
      "White": 2.824860335779545
    },
    {
      "Non-White": 3.238297559424886,
      "White": 2.6748413962263617
    },
    {
      "Non-White": 3.753074272481611,
      "White": 2.6065978743501517
    },
    {
      "Non-White": 3.3781329478253315,
      "White": 2.7269839347514164
    },
    {
      "Non-White": 3.380846902081842,
      "White": 2.7786179601685377
    },
    {
      "Non-White": 3.710066078023209,
      "White": 2.8208933546475743
    },
    {
      "Non-White": 3.6524179291367393,
      "White": 2.8238596437886305
    },
    {
      "Non-White": 3.656858975318859,
      "White": 2.74861222363575
    },
    {
      "Non-White": 3.776228161329863,
      "White": 2.818216889079743
    },
    {
      "Non-White": 3.776306825691644,
      "White": 2.830020456109499
    }
  ],
  "_all_group_costs_fair": [
    {
      "Non-White": 12452.073072761297,
      "White": 21774.45383694768
    },
    {
      "Non-White": 12523.848750799894,
      "White": 21651.900884449482
    },
    {
      "Non-White": 12446.598146647215,
      "White": 21543.611490875483
    },
    {
      "Non-White": 12448.031686455011,
      "White": 21618.938289135695
    },
    {
      "Non-White": 12488.397443175316,
      "White": 21472.96356627345
    },
    {
      "Non-White": 12475.542756527662,
      "White": 21603.081050097942
    },
    {
      "Non-White": 12498.678598970175,
      "White": 21539.572888463736
    },
    {
      "Non-White": 12785.218424528837,
      "White": 22004.867054909468
    },
    {
      "Non-White": 12657.909737795591,
      "White": 21652.01523321867
    },
    {
      "Non-White": 12499.577883958817,
      "White": 21625.395483911037
    }
  ],
  "_all_group_costs_unfair": [
    {
      "Non-White": 3326.9797490537167,
      "White": 7708.1523504555225
    },
    {
      "Non-White": 3867.417530655861,
      "White": 8094.648495793343
    },
    {
      "Non-White": 3316.37405577302,
      "White": 8265.030714124441
    },
    {
      "Non-White": 3684.8850766718388,
      "White": 7927.783517032862
    },
    {
      "Non-White": 3693.8665975928307,