{
  "number of runs": 10,
  "All results Fair Cost (mean)": 17145.726343137027,
  "All results Fair Cost (std)": 156.50667259649515,
  "All results Fair Cost (min)": 16909.801766067743,
  "All results Fair Cost (max)": 17389.137457549572,
  "All results Unfair Cost (mean)": 5651.396019202471,
  "All results Unfair Cost (std)": 112.92603285808185,
  "All results PoF (mean)": 3.034821365869653,
  "All results PoF (std)": 0.05773690034112907,
  "All results PoF (min)": 2.9344652843530454,
  "All results PoF (max)": 3.111913611705581,
  "Avg Timing": {
    "Base Selection": 5.300000339047983e-07,
    "Cluster Fairlets": 1.6380598300005658,
    "Data Preparation": 0.005503259999750298,
    "Fairlet Decomposition": 1.5739551499997106,
    "HST Construction": 2.277102719999493,
    "Total Time": 7.47809767000017,
    "Vanilla K-Median": 1.9420554100001026
  },
  "G-PoF means": {
    "Non-White": 3.577407772420527,
    "White": 2.794277870985691
  },
  "G-PoF stds": {
    "Non-White": 0.2269785631291423,
    "White": 0.06544187340371832
  },
  "G-PoF spreads": [
    0.5369612552077121,
    0.592703251839231,
    0.6238215757520758,
    1.0583936407838017,
    0.96034018788216,
    0.8300787535676402,
    1.2704831366442106,
    0.5543451437376898,
    0.48736406246903385,
    0.9168080064648105
  ],
  "G-PoF Ginis": [
    0.0434063164965495,
    0.047586377189600966,
    0.05117530597526028,
    0.08215667736690449,
    0.07335797425409668,
    0.06349886532984454,
    0.09546251132888954,
    0.04397204233853532,
    0.039675245217477034,
    0.0696001335651463
  ],
  "Pooled C-PoF values": [],
  "C-PoF spreads": [],
  "C-PoF Ginis": [],
  "_fair_costs": [
    16984.23328062892,
    17302.707071453333,
    17081.76474827528,
    17137.143993794918,
    16909.801766067743,
    17182.939269959927,
    17333.713779181242,
    17389.137457549572,
    17037.76599511504,
    17098.056069344282
  ],
  "_unfair_costs": [
    5663.103502005339,
    5750.044221192598,
    5821.08257997036,
    5708.936011612415,
    5486.350391149521,
    5523.305994689465,
    5676.953833520412,
    5689.401833891869,
    5700.395345836878,
    5494.386478155851
  ],
  "_pofs": [
    2.9991034553076243,
    3.0091433049648155,
    2.9344652843530454,
    3.001810487792585,
    3.0821585499435695,
    3.110988108658282,
    3.0533476733299767,
    3.056408734212122,
    2.9888744484289305,
    3.111913611705581
  ],
  "_timings": [
    {
      "Data Preparation": 0.00544629999967583,
      "Vanilla K-Median": 2.2817393000004813,
      "Base Selection": 3.9999940781854093e-07,
      "HST Construction": 2.2538806999982626,
      "Fairlet Decomposition": 1.6593598999988899,
      "Cluster Fairlets": 1.375290900001346,
      "Total Time": 7.616025299999819
    },
    {
      "Data Preparation": 0.005502699999851757,
      "Vanilla K-Median": 2.1164687000000413,
      "Base Selection": 4.000012268079445e-07,
      "HST Construction": 2.263358199999857,
      "Fairlet Decomposition": 1.5147030000007362,
      "Cluster Fairlets": 1.591537200001767,
      "Total Time": 7.533587799998713
    },
    {
      "Data Preparation": 0.0053711999989900505,
      "Vanilla K-Median": 1.7678906000001007,
      "Base Selection": 5.000001692678779e-07,
      "HST Construction": 2.247181199998522,
      "Fairlet Decomposition": 1.5047183999995468,
      "Cluster Fairlets": 1.6938211000015144,
      "Total Time": 7.260216000000582
    },
    {
      "Data Preparation": 0.00579959999959101,
      "Vanilla K-Median": 2.1444225999985065,
      "Base Selection": 7.00001692166552e-07,
      "HST Construction": 2.2920725000003586,
      "Fairlet Decomposition": 1.5276821999996173,
      "Cluster Fairlets": 1.5408889999998792,
      "Total Time": 7.5525232999989385
    },
    {
      "Data Preparation": 0.005438500000309432,
      "Vanilla K-Median": 1.775845100000879,
      "Base Selection": 7.999988156370819e-07,
      "HST Construction": 2.287600799998472,
      "Fairlet Decomposition": 1.548739600000772,
      "Cluster Fairlets": 1.6561194000005344,
      "Total Time": 7.315376700000343
    },
    {
      "Data Preparation": 0.00545100000090315,
      "Vanilla K-Median": 1.7918915999998717,
      "Base Selection": 6.000009307172149e-07,
      "HST Construction": 2.305809900000895,
      "Fairlet Decomposition": 1.9461993999993865,
      "Cluster Fairlets": 1.7672283000010793,
      "Total Time": 7.858510000000024
    },
    {
      "Data Preparation": 0.005451299999549519,
      "Vanilla K-Median": 1.6653009000001475,
      "Base Selection": 4.999983502784744e-07,
      "HST Construction": 2.2819262000011804,
      "Fairlet Decomposition": 1.507154699998864,
      "Cluster Fairlets": 2.112109599998803,
      "Total Time": 7.613178900001003
    },
    {
      "Data Preparation": 0.0054686000003130175,
      "Vanilla K-Median": 2.080556599999909,
      "Base Selection": 3.9999940781854093e-07,
      "HST Construction": 2.2851152999992337,
      "Fairlet Decomposition": 1.5030005000007804,
      "Cluster Fairlets": 1.2983992000008584,
      "Total Time": 7.21401330000117
    },
    {
      "Data Preparation": 0.005440199998702155,
      "Vanilla K-Median": 1.8380058000002464,
      "Base Selection": 5.000001692678779e-07,
      "HST Construction": 2.281060699999216,
      "Fairlet Decomposition": 1.5088285000001633,
      "Cluster Fairlets": 1.7481912999992346,
      "Total Time": 7.4230118000014045
    },
    {
      "Data Preparation": 0.0056631999996170634,
      "Vanilla K-Median": 1.9584329000008438,
      "Base Selection": 5.000001692678779e-07,
      "HST Construction": 2.273021699998935,
      "Fairlet Decomposition": 1.519165299998349,
      "Cluster Fairlets": 1.5970123000006424,
      "Total Time": 7.394533599999704
    }
  ],
  "_all_cpofs": [],
  "_all_gpofs": [
    {
      "Non-White": 3.3611253078452408,
      "White": 2.8241640526375287
    },
    {
      "Non-White": 3.4101800304107224,
      "White": 2.8174767785714914
    },
    {
      "Non-White": 3.3593843880028715,
      "White": 2.735562812250796
    },
    {
      "Non-White": 3.7498529943785535,
      "White": 2.6914593535947517
    },
    {
      "Non-White": 3.7529574004571464,
      "White": 2.7926172125749864
    },
    {
      "Non-White": 3.683124362459565,
      "White": 2.8530456088919247
    },
    {
      "Non-White": 3.9624197426609116,
      "White": 2.691936606016701
    },
    {
      "Non-White": 3.4288634773643007,
      "White": 2.874518333626611
    },
    {
      "Non-White": 3.314640129902732,
      "White": 2.827276067433698
    },
    {
      "Non-White": 3.7515298907232277,
      "White": 2.834721884258417
    }
  ],
  "_all_group_costs_fair": [
    {
      "Non-White": 6201.3164294958115,
      "White": 10782.916851133108
    },
    {
      "Non-White": 6340.995627582073,
      "White": 10961.71144387126
    },
    {
      "Non-White": 6235.097506284714,
      "White": 10846.667241990566
    },
    {
      "Non-White": 6277.338276267052,
      "White": 10859.805717527866
    },
    {
      "Non-White": 6207.8704933822155,
      "White": 10701.931272685528
    },
    {
      "Non-White": 6321.484737962484,
      "White": 10861.454531997442
    },
    {
      "Non-White": 6398.945097148418,
      "White": 10934.768682032824
    },
    {
      "Non-White": 6400.977995723486,
      "White": 10988.159461826086
    },
    {
      "Non-White": 6265.054660856724,
      "White": 10772.711334258318
    },
    {
      "Non-White": 6232.029255568981,
      "White": 10866.026813775301
    }
  ],
  "_all_group_costs_unfair": [
    {
      "Non-White": 1845.0119711458683,
      "White": 3818.0915308594704
    },
    {
      "Non-White": 1859.4313411712646,
      "White": 3890.6128800213337
    },
    {
      "Non-White": 1856.0238383412361,
      "White": 3965.0587416291237
    },
    {
      "Non-White": 1674.0224978625774,
      "White": 4034.913513749838
    },
    {
      "Non-White": 1654.1276201605797,