{
  "number of runs": 10,
  "All results Fair Cost (mean)": 8586.73110049665,
  "All results Fair Cost (std)": 82.39254128896904,
  "All results Fair Cost (min)": 8491.142212241888,
  "All results Fair Cost (max)": 8739.653523176908,
  "All results Unfair Cost (mean)": 2838.337857124209,
  "All results Unfair Cost (std)": 33.2902610495655,
  "All results PoF (mean)": 3.025763695933334,
  "All results PoF (std)": 0.05402557921111108,
  "All results PoF (min)": 2.93380997478364,
  "All results PoF (max)": 3.1229653481132966,
  "Avg Timing": {
    "Base Selection": 5.899999450775795e-07,
    "Cluster Fairlets": 0.8665603999997984,
    "Data Preparation": 0.0032216300001891795,
    "Fairlet Decomposition": 0.7087676199995258,
    "HST Construction": 1.0696206500000698,
    "Total Time": 3.7898681200000284,
    "Vanilla K-Median": 1.1212735900000552
  },
  "G-PoF means": {
    "Non-White": 3.6372474560343626,
    "White": 2.7602011446823105
  },
  "G-PoF stds": {
    "Non-White": 0.19007004007073833,
    "White": 0.08118781264738197
  },
  "G-PoF spreads": [
    1.1477830138572158,
    1.0265851640784898,
    0.6834930244140165,
    1.0022798313663839,
    1.1517700403777336,
    0.5239051327153543,
    0.9935101564360642,
    0.9746574722796661,
    0.792719473901994,
    0.4737598040935973
  ],
  "G-PoF Ginis": [
    0.09036073623203365,
    0.07851362976961544,
    0.055291844058253777,
    0.07786017329869559,
    0.08849492929655672,
    0.042171967524735336,
    0.07571779452595785,
    0.07357675973435429,
    0.06253531914671061,
    0.0380390150404514
  ],
  "Pooled C-PoF values": [],
  "C-PoF spreads": [],
  "C-PoF Ginis": [],
  "_fair_costs": [
    8491.142212241888,
    8687.180830687284,
    8555.35009020567,
    8551.064492166042,
    8540.561157852411,
    8560.867909520864,
    8739.653523176908,
    8669.34747415781,
    8508.974978804588,
    8563.16833615303
  ],
  "_unfair_costs": [
    2894.2372836768627,
    2838.80855435133,
    2886.248846590519,
    2838.8301958739758,
    2831.6241268515587,
    2838.144288688898,
    2837.9756296873093,
    2775.9986127913,
    2819.377306640148,
    2822.133726090193
  ],
  "_pofs": [
    2.93380997478364,
    3.0601502934643343,
    2.9641761833225058,
    3.0121789265854524,
    3.0161351843503805,
    3.016361058047412,
    3.0795379043264903,
    3.1229653481132966,
    3.01803343552649,
    3.0342886508133384
  ],
  "_timings": [
    {
      "Data Preparation": 0.0030864999989717035,
      "Vanilla K-Median": 1.1665824000010616,
      "Base Selection": 5.999991117278114e-07,
      "HST Construction": 1.0778929000007338,
      "Fairlet Decomposition": 0.7102618000008079,
      "Cluster Fairlets": 0.812852600000042,
      "Total Time": 3.7912323999989894
    },
    {
      "Data Preparation": 0.0029874000010750024,
      "Vanilla K-Median": 0.768141900000046,
      "Base Selection": 4.999983502784744e-07,
      "HST Construction": 1.0611485000008543,
      "Fairlet Decomposition": 0.706885899999179,
      "Cluster Fairlets": 0.8163174999990588,
      "Total Time": 3.376564000000144
    },
    {
      "Data Preparation": 0.004471099999136641,
      "Vanilla K-Median": 1.2040230000002339,
      "Base Selection": 5.000001692678779e-07,
      "HST Construction": 1.0755143999995198,
      "Fairlet Decomposition": 0.7245024999992893,
      "Cluster Fairlets": 1.0222107999998116,
      "Total Time": 4.052418999999645
    },
    {
      "Data Preparation": 0.0033123000011983095,
      "Vanilla K-Median": 0.9255803999985801,
      "Base Selection": 5.000001692678779e-07,
      "HST Construction": 1.1347083000000566,
      "Fairlet Decomposition": 0.7103029999998398,
      "Cluster Fairlets": 0.7776876000007178,
      "Total Time": 3.571636700000454
    },
    {
      "Data Preparation": 0.0036165000001346925,
      "Vanilla K-Median": 1.6652149000001373,
      "Base Selection": 1.2000000424450263e-06,
      "HST Construction": 1.0607590999989043,
      "Fairlet Decomposition": 0.697425899999871,
      "Cluster Fairlets": 0.7630912999993598,
      "Total Time": 4.210355000001073
    },
    {
      "Data Preparation": 0.002928099998825928,
      "Vanilla K-Median": 1.0721623999997973,
      "Base Selection": 5.000001692678779e-07,
      "HST Construction": 1.060515099999975,
      "Fairlet Decomposition": 0.7042564999992464,
      "Cluster Fairlets": 0.7379457999995793,
      "Total Time": 3.5983909999995376
    },
    {
      "Data Preparation": 0.0029773000005661743,
      "Vanilla K-Median": 0.9081330000008165,
      "Base Selection": 3.9999940781854093e-07,
      "HST Construction": 1.0569971000004443,
      "Fairlet Decomposition": 0.7172142999988864,
      "Cluster Fairlets": 1.1673078000003443,
      "Total Time": 3.873269800000344
    },
    {
      "Data Preparation": 0.0029857000008632895,
      "Vanilla K-Median": 1.6971173000001727,
      "Base Selection": 6.000009307172149e-07,
      "HST Construction": 1.060579000000871,
      "Fairlet Decomposition": 0.7145549999986542,
      "Cluster Fairlets": 0.9510193999994954,
      "Total Time": 4.446168899999975
    },
    {
      "Data Preparation": 0.002930600001491257,
      "Vanilla K-Median": 0.8554254999999102,
      "Base Selection": 5.000001692678779e-07,
      "HST Construction": 1.0507032999994408,
      "Fairlet Decomposition": 0.6994546000005357,
      "Cluster Fairlets": 0.8816683999993984,
      "Total Time": 3.510160800000449
    },
    {
      "Data Preparation": 0.002920799999628798,
      "Vanilla K-Median": 0.950355099999797,
      "Base Selection": 6.000009307172149e-07,
      "HST Construction": 1.0573887999998988,
      "Fairlet Decomposition": 0.702816699998948,
      "Cluster Fairlets": 0.7355028000001766,
      "Total Time": 3.468483599999672
    }
  ],
  "_all_cpofs": [],
  "_all_gpofs": [
    {
      "Non-White": 3.7494494475751763,
      "White": 2.6016664337179605
    },
    {
      "Non-White": 3.7821045293750943,
      "White": 2.7555193652966046
    },
    {
      "Non-White": 3.432134597717002,
      "White": 2.7486415733029856
    },
    {
      "Non-White": 3.71934438692592,
      "White": 2.7170645555595363
    },
    {
      "Non-White": 3.8296591333869787,
      "White": 2.677889093009245
    },
    {
      "Non-White": 3.3677190474215934,
      "White": 2.843813914706239
    },
    {
      "Non-White": 3.777061123369241,
      "White": 2.7835509669331766
    },
    {
      "Non-White": 3.799031629141051,
      "White": 2.824374156861385
    },
    {
      "Non-White": 3.565446761366106,
      "White": 2.772727287464112
    },
    {
      "Non-White": 3.350523904065459,
      "White": 2.8767640999718616
    }
  ],
  "_all_group_costs_fair": [
    {
      "Non-White": 3140.2748032808304,
      "White": 5350.867408961058
    },
    {
      "Non-White": 3186.0210653841496,
      "White": 5501.159765303135
    },
    {
      "Non-White": 3123.784135788679,
      "White": 5431.56595441699
    },
    {
      "Non-White": 3108.903032362461,
      "White": 5442.161459803581
    },
    {
      "Non-White": 3184.6575111448765,
      "White": 5355.903646707535
    },
    {
      "Non-White": 3147.9327393472195,
      "White": 5412.935170173645
    },
    {
      "Non-White": 3193.470499485731,
      "White": 5546.183023691177
    },
    {
      "Non-White": 3230.8524811565876,
      "White": 5438.494993001223
    },
    {
      "Non-White": 3110.6851904392242,
      "White": 5398.289788365364
    },
    {
      "Non-White": 3143.984158217907,
      "White": 5419.184177935123
    }
  ],
  "_all_group_costs_unfair": [
    {
      "Non-White": 837.5295752584934,
      "White": 2056.7077084183693
    },
    {
      "Non-White": 842.393709808588,
      "White": 1996.4148445427418
    },
    {
      "Non-White": 910.1578177809715,
      "White": 1976.0910288095474
    },
    {
      "Non-White": 835.8739360868931,
      "White": 2002.9562597870827
    },
    {
      "Non-White": 831.5772762596607,