{
  "number of runs": 10,
  "All results Fair Cost (mean)": 85524.68308445513,
  "All results Fair Cost (std)": 363.04907958761834,
  "All results Fair Cost (min)": 84699.31998705864,
  "All results Fair Cost (max)": 85946.9593551457,
  "All results Unfair Cost (mean)": 28385.770498526097,
  "All results Unfair Cost (std)": 851.4323650436744,
  "All results PoF (mean)": 3.015359178488976,
  "All results PoF (std)": 0.09066994643773688,
  "All results PoF (min)": 2.851152277041027,
  "All results PoF (max)": 3.1356076903414487,
  "Avg Timing": {
    "Base Selection": 7.400003596558236e-07,
    "Cluster Fairlets": 8.770445739999923,
    "Data Preparation": 0.025798009999925854,
    "Fairlet Decomposition": 8.752083089999905,
    "HST Construction": 12.528025530000013,
    "Total Time": 41.51239132999963,
    "Vanilla K-Median": 11.234173149999696
  },
  "G-PoF means": {
    "Non-White": 3.5895650061157838,
    "White": 2.7645722929271037
  },
  "G-PoF stds": {
    "Non-White": 0.2578250913946966,
    "White": 0.08665283118591834
  },
  "G-PoF spreads": [
    0.7404477536870577,
    0.8408898200346866,
    0.48188220606720433,
    1.0061742260212823,
    0.8089527639881542,
    0.5014648426208996,
    0.6486587957622509,
    0.9355215156552492,
    1.4355858925662517,
    0.8503493154837667
  ],
  "G-PoF Ginis": [
    0.06189018753488094,
    0.06440199666158478,
    0.039861154573871876,
    0.07880038550526618,
    0.062300629660555246,
    0.04041922308209344,
    0.05274160695235674,
    0.07408293622699225,
    0.10484847125917418,
    0.06444873529301472
  ],
  "Pooled C-PoF values": [],
  "C-PoF spreads": [],
  "C-PoF Ginis": [],
  "_fair_costs": [
    85837.0828667283,
    85450.34956893325,
    84699.31998705864,
    85246.03012657166,
    85373.58454155922,
    85570.74180793762,
    85780.4873226285,
    85591.61469441652,
    85750.66057357192,
    85946.9593551457
  ],
  "_unfair_costs": [
    30106.10255998373,
    27536.43993487954,
    28811.043416261673,
    28534.190036535263,
    27610.000589460135,
    28369.392259806395,
    29001.526346296072,
    28815.90669193864,
    27663.118278622627,
    27409.98487147689
  ],
  "_pofs": [
    2.851152277041027,
    3.1031734592784446,
    2.939821330429575,
    2.987504815010427,
    3.09212541538843,
    3.01630507359066,
    2.9577921623281718,
    2.9702905277091665,
    3.099819033772411,
    3.1356076903414487
  ],
  "_timings": [
    {
      "Data Preparation": 0.02569240000048012,
      "Vanilla K-Median": 14.094660199998543,
      "Base Selection": 1.3999997463542968e-06,
      "HST Construction": 12.46519679999983,
      "Fairlet Decomposition": 8.77347699999882,
      "Cluster Fairlets": 7.6467653999989125,
      "Total Time": 43.210037900000316
    },
    {
      "Data Preparation": 0.025691599999845494,
      "Vanilla K-Median": 8.76217959999849,
      "Base Selection": 5.000001692678779e-07,
      "HST Construction": 12.473478500000056,
      "Fairlet Decomposition": 8.680500599999505,
      "Cluster Fairlets": 7.24424320000071,
      "Total Time": 37.3834126999991
    },
    {
      "Data Preparation": 0.025679800000943942,
      "Vanilla K-Median": 13.959674300000188,
      "Base Selection": 6.999998731771484e-07,
      "HST Construction": 12.448502100000042,
      "Fairlet Decomposition": 9.621490900000936,
      "Cluster Fairlets": 11.360174700001153,
      "Total Time": 47.633054199999606
    },
    {
      "Data Preparation": 0.025799499999266118,
      "Vanilla K-Median": 10.258511300000464,
      "Base Selection": 5.000001692678779e-07,
      "HST Construction": 12.536748300000909,
      "Fairlet Decomposition": 8.714799499999572,
      "Cluster Fairlets": 9.152740300000005,
      "Total Time": 40.89239369999996
    },
    {
      "Data Preparation": 0.025686200000563986,
      "Vanilla K-Median": 10.073593699999037,
      "Base Selection": 6.000009307172149e-07,
      "HST Construction": 12.471739099999468,
      "Fairlet Decomposition": 8.69314630000008,
      "Cluster Fairlets": 11.075014699999883,
      "Total Time": 42.53736469999967
    },
    {
      "Data Preparation": 0.026249799999277457,
      "Vanilla K-Median": 10.864224199998716,
      "Base Selection": 6.000009307172149e-07,
      "HST Construction": 12.497464300000502,
      "Fairlet Decomposition": 8.626605299999937,
      "Cluster Fairlets": 7.610840100000132,
      "Total Time": 39.82351859999835
    },
    {
      "Data Preparation": 0.02620519999982207,
      "Vanilla K-Median": 11.868260400000509,
      "Base Selection": 6.000009307172149e-07,
      "HST Construction": 12.662535599998591,
      "Fairlet Decomposition": 8.6398195999991,
      "Cluster Fairlets": 8.10615019999932,
      "Total Time": 41.50137630000063
    },
    {
      "Data Preparation": 0.02566809999916586,
      "Vanilla K-Median": 10.248531699999148,
      "Base Selection": 8.000006346264854e-07,
      "HST Construction": 12.517784600000596,
      "Fairlet Decomposition": 8.589458000000377,
      "Cluster Fairlets": 7.5676571000003605,
      "Total Time": 39.151884199998676
    },
    {
      "Data Preparation": 0.025635500000134925,
      "Vanilla K-Median": 12.111354100001336,
      "Base Selection": 6.000009307172149e-07,
      "HST Construction": 12.74537539999983,
      "Fairlet Decomposition": 8.736395500000071,
      "Cluster Fairlets": 9.91810599999917,
      "Total Time": 43.73709950000011
    },
    {
      "Data Preparation": 0.025671999999758555,
      "Vanilla K-Median": 10.100742000000537,
      "Base Selection": 1.0999992809956893e-06,
      "HST Construction": 12.461430600000313,
      "Fairlet Decomposition": 8.445138200000656,
      "Cluster Fairlets": 8.022765699999582,
      "Total Time": 39.25377149999986
    }
  ],
  "_all_cpofs": [],
  "_all_gpofs": [
    {
      "Non-White": 3.3611978227123527,
      "White": 2.620750069025295
    },
    {
      "Non-White": 3.6846675413952825,
      "White": 2.843777721360596
    },
    {
      "Non-White": 3.2631955461040256,
      "White": 2.7813133400368213
    },
    {
      "Non-White": 3.695248609333655,
      "White": 2.6890743833123727
    },
    {
      "Non-White": 3.6506424656907113,
      "White": 2.841689701702557
    },
    {
      "Non-White": 3.3523806247061336,
      "White": 2.850915782085234
    },
    {
      "Non-White": 3.399030915547261,
      "White": 2.75037211978501
    },
    {
      "Non-White": 3.6247681717508016,
      "White": 2.6892466560955524
    },
    {
      "Non-White": 4.140794434348787,
      "White": 2.705208541782535
    },
    {
      "Non-White": 3.7237239295688283,
      "White": 2.8733746140850616
    }
  ],
  "_all_group_costs_fair": [
    {
      "Non-White": 31487.691888421774,
      "White": 54349.39097830653
    },
    {
      "Non-White": 31298.95525878668,
      "White": 54151.39431014657
    },
    {
      "Non-White": 30925.18857011199,
      "White": 53774.13141694665
    },
    {
      "Non-White": 31273.690247923136,
      "White": 53972.33987864852
    },
    {
      "Non-White": 31203.895593434572,
      "White": 54169.68894812465
    },
    {
      "Non-White": 31366.80259168148,
      "White": 54203.93921625614
    },
    {
      "Non-White": 31521.75415685773,
      "White": 54258.73316577077
    },
    {
      "Non-White": 31378.549525648355,
      "White": 54213.06516876817
    },
    {
      "Non-White": 31486.490080088377,
      "White": 54264.17049348354
    },
    {
      "Non-White": 31475.77083915472,
      "White": 54471.18851599097
    }
  ],
  "_all_group_costs_unfair": [
    {
      "Non-White": 9367.997228741646,
      "White": 20738.105331242085
    },
    {
      "Non-White": 8494.377011537552,
      "White": 19042.06292334199
    },
    {
      "Non-White": 9476.964568376541,
      "White": 19334.078847885132
    },
    {
      "Non-White": 8463.216837137938,
      "White": 20070.973199397326
    },
    {
      "Non-White": 8547.50797611475,