{
  "number of runs": 10,
  "All results Fair Cost (mean)": 4318.57223521173,
  "All results Fair Cost (std)": 53.38214735135853,
  "All results Fair Cost (min)": 4247.687516510487,
  "All results Fair Cost (max)": 4422.805535644293,
  "All results Unfair Cost (mean)": 1401.446088424325,
  "All results Unfair Cost (std)": 40.60481650187549,
  "All results PoF (mean)": 3.083628385943653,
  "All results PoF (std)": 0.08950594884750351,
  "All results PoF (min)": 2.8797534038253723,
  "All results PoF (max)": 3.2041523609720564,
  "Avg Timing": {
    "Base Selection": 5.300000339047983e-07,
    "Cluster Fairlets": 0.4217398199996751,
    "Data Preparation": 0.001985199999944598,
    "Fairlet Decomposition": 0.3412379299998065,
    "HST Construction": 0.5137079700001778,
    "Total Time": 1.8224208799994812,
    "Vanilla K-Median": 0.5329181299997799
  },
  "G-PoF means": {
    "Non-White": 3.6661881295610534,
    "White": 2.8282532829412994
  },
  "G-PoF stds": {
    "Non-White": 0.2514240944958172,
    "White": 0.09913578285663835
  },
  "G-PoF spreads": [
    0.8943431665078312,
    0.9492405483404123,
    0.9809038853297634,
    0.504087645131535,
    1.0893718916227968,
    1.391311288545929,
    0.824334383406093,
    0.54245300467672,
    0.45687090905091843,
    0.7464317435855374
  ],
  "G-PoF Ginis": [
    0.06771487297875962,
    0.06997092023895102,
    0.07408908464753292,
    0.04007452819887459,
    0.08113708050489568,
    0.10368279332323464,
    0.06253672444217119,
    0.04245067123724985,
    0.036819564481681485,
    0.06177429715800173
  ],
  "Pooled C-PoF values": [],
  "C-PoF spreads": [],
  "C-PoF Ginis": [],
  "_fair_costs": [
    4300.720633089542,
    4382.9701200425625,
    4272.167489141226,
    4336.002610594034,
    4302.39027389884,
    4247.687516510487,
    4331.529922276735,
    4422.805535644293,
    4269.550223082304,
    4319.8980278372765
  ],
  "_unfair_costs": [
    1374.3259129226208,
    1367.9031538665295,
    1372.8326532542706,
    1417.9479261636734,
    1370.4927089512348,
    1395.6873635351658,
    1378.432184457779,
    1423.9369126856327,
    1412.809031933546,
    1500.0930364727974
  ],
  "_pofs": [
    3.129330963383856,
    3.2041523609720564,
    3.1119360972469177,
    3.0579420658453222,
    3.139301833419625,
    3.043437683459016,
    3.1423598281554845,
    3.1060403703578476,
    3.0220292527710355,
    2.8797534038253723
  ],
  "_timings": [
    {
      "Data Preparation": 0.0018316000005142996,
      "Vanilla K-Median": 0.5323190999988583,
      "Base Selection": 5.000001692678779e-07,
      "HST Construction": 0.5016102999998111,
      "Fairlet Decomposition": 0.3341025999998237,
      "Cluster Fairlets": 0.46558249999907275,
      "Total Time": 1.8461358999993536
    },
    {
      "Data Preparation": 0.001987899999221554,
      "Vanilla K-Median": 0.542272700000467,
      "Base Selection": 5.000001692678779e-07,
      "HST Construction": 0.5202012000008835,
      "Fairlet Decomposition": 0.3433901999997033,
      "Cluster Fairlets": 0.40553779999936523,
      "Total Time": 1.8244462000002386
    },
    {
      "Data Preparation": 0.0020392999995237915,
      "Vanilla K-Median": 0.6449209999991581,
      "Base Selection": 5.000001692678779e-07,
      "HST Construction": 0.5168773000004876,
      "Fairlet Decomposition": 0.3505335000008927,
      "Cluster Fairlets": 0.4076213000007556,
      "Total Time": 1.9327610000000277
    },
    {
      "Data Preparation": 0.0018383999995421618,
      "Vanilla K-Median": 0.4442918999993708,
      "Base Selection": 5.000001692678779e-07,
      "HST Construction": 0.5089614000007714,
      "Fairlet Decomposition": 0.3392346999989968,
      "Cluster Fairlets": 0.3406693000015366,
      "Total Time": 1.6455907999988995
    },
    {
      "Data Preparation": 0.001900200000818586,
      "Vanilla K-Median": 0.648586700001033,
      "Base Selection": 8.000006346264854e-07,
      "HST Construction": 0.5148136999996495,
      "Fairlet Decomposition": 0.3380691000002116,
      "Cluster Fairlets": 0.539646699999139,
      "Total Time": 2.053740299999845
    },
    {
      "Data Preparation": 0.0022642999992967816,
      "Vanilla K-Median": 0.5178519999990385,
      "Base Selection": 5.999991117278114e-07,
      "HST Construction": 0.5462380999997549,
      "Fairlet Decomposition": 0.3624354999992647,
      "Cluster Fairlets": 0.33130769999843324,
      "Total Time": 1.7711663999998564
    },
    {
      "Data Preparation": 0.0018731000000116182,
      "Vanilla K-Median": 0.5778920000011567,
      "Base Selection": 5.000001692678779e-07,
      "HST Construction": 0.508712500000911,
      "Fairlet Decomposition": 0.33949570000004314,
      "Cluster Fairlets": 0.5120881000002555,
      "Total Time": 1.9512461999984225
    },
    {
      "Data Preparation": 0.0018227000000479165,
      "Vanilla K-Median": 0.5425412999993569,
      "Base Selection": 3.9999940781854093e-07,
      "HST Construction": 0.5057716999999684,
      "Fairlet Decomposition": 0.34069589999853633,
      "Cluster Fairlets": 0.3894939000001614,
      "Total Time": 1.7912080999994942
    },
    {
      "Data Preparation": 0.0018147999999200692,
      "Vanilla K-Median": 0.47969000000011874,
      "Base Selection": 5.000001692678779e-07,
      "HST Construction": 0.5080667000001995,
      "Fairlet Decomposition": 0.3322669000008318,
      "Cluster Fairlets": 0.35507069999948726,
      "Total Time": 1.6874331999988499
    },
    {
      "Data Preparation": 0.002479700000549201,
      "Vanilla K-Median": 0.3988145999992412,
      "Base Selection": 5.000001692678779e-07,
      "HST Construction": 0.5058267999993404,
      "Fairlet Decomposition": 0.33215519999976095,
      "Cluster Fairlets": 0.4703801999985444,
      "Total Time": 1.7204806999998254
    }
  ],
  "_all_cpofs": [],
  "_all_gpofs": [
    {
      "Non-White": 3.749042823521763,
      "White": 2.854699657013932
    },
    {
      "Non-White": 3.8661740264245426,
      "White": 2.9169334780841303
    },
    {
      "Non-White": 3.800331832517273,
      "White": 2.8194279471875094
    },
    {
      "Non-White": 3.396732405235681,
      "White": 2.892644760104146
    },
    {
      "Non-White": 3.901264358677344,
      "White": 2.8118924670545473
    },
    {
      "Non-White": 4.050386077239956,
      "White": 2.6590747886940274
    },
    {
      "Non-White": 3.7075683770032515,
      "White": 2.8832339935971585
    },
    {
      "Non-White": 3.465834437069487,
      "White": 2.923381432392767
    },
    {
      "Non-White": 3.3305288353299987,
      "White": 2.8736579262790802
    },
    {
      "Non-White": 3.394018122591233,
      "White": 2.6475863790056957
    }
  ],
  "_all_group_costs_fair": [
    {
      "Non-White": 1582.180348932743,
      "White": 2718.5402841567993
    },
    {
      "Non-White": 1600.197018533945,
      "White": 2782.7731015086174
    },
    {
      "Non-White": 1555.7887842953205,
      "White": 2716.3787048459053
    },
    {
      "Non-White": 1579.3607391417027,
      "White": 2756.6418714523315
    },
    {
      "Non-White": 1606.9303140640259,
      "White": 2695.459959834814
    },
    {
      "Non-White": 1561.7147592306137,
      "White": 2685.972757279873
    },
    {
      "Non-White": 1606.504228323698,
      "White": 2725.0256939530373
    },
    {
      "Non-White": 1661.7947020828724,
      "White": 2761.0108335614204
    },
    {
      "Non-White": 1528.1047814786434,
      "White": 2741.4454416036606
    },
    {
      "Non-White": 1583.5901346802711,
      "White": 2736.3078931570053
    }
  ],
  "_all_group_costs_unfair": [
    {
      "Non-White": 422.0224797129631,
      "White": 952.3034332096577
    },
    {
      "Non-White": 413.8967898488045,
      "White": 954.006364017725
    },
    {
      "Non-White": 409.38235208392143,
      "White": 963.4503011703491
    },
    {
      "Non-White": 464.964722186327,