{
  "number of runs": 10,
  "All results Fair Cost (mean)": 171223.2801583171,
  "All results Fair Cost (std)": 691.1358596538539,
  "All results Fair Cost (min)": 170006.24933356047,
  "All results Fair Cost (max)": 172480.87652119994,
  "All results Unfair Cost (mean)": 56350.925684022906,
  "All results Unfair Cost (std)": 1329.47538418985,
  "All results PoF (mean)": 3.0400986044504124,
  "All results PoF (std)": 0.07557674908442774,
  "All results PoF (min)": 2.9390155552745783,
  "All results PoF (max)": 3.151901349448854,
  "Avg Timing": {
    "Base Selection": 4.999999873689376e-07,
    "Cluster Fairlets": 16.75903239999989,
    "Data Preparation": 0.050006020000182616,
    "Fairlet Decomposition": 18.042781250000008,
    "HST Construction": 26.115299140000207,
    "Total Time": 83.9838637699997,
    "Vanilla K-Median": 22.62062730000016
  },
  "G-PoF means": {
    "Non-White": 3.6261253270146634,
    "White": 2.7851154514600003
  },
  "G-PoF stds": {
    "Non-White": 0.20597170309831947,
    "White": 0.08342637779599844
  },
  "G-PoF spreads": [
    0.9458234655808275,
    0.8445326245473614,
    0.8723557860798525,
    1.3191638928978646,
    0.5269088689983041,
    0.9047180410822442,
    0.9161423236441797,
    0.5912587760847714,
    0.9347480859352388,
    0.5544468906959885
  ],
  "G-PoF Ginis": [
    0.07506390945560923,
    0.06457300388719187,
    0.06686333745908758,
    0.09977632899793291,
    0.04261239604341994,
    0.07166138234648531,
    0.06914925594177544,
    0.04855319789194313,
    0.07001425008516016,
    0.044318197251807745
  ],
  "Pooled C-PoF values": [],
  "C-PoF spreads": [],
  "C-PoF Ginis": [],
  "_fair_costs": [
    171192.90048125386,
    170683.81388187408,
    171169.39872339368,
    170006.24933356047,
    171026.69574338198,
    170802.87689003348,
    171907.9024773836,
    171730.523360461,
    172480.87652119994,
    171231.5641706288
  ],
  "_unfair_costs": [
    57864.3624189198,
    54925.50937783718,
    55359.187225043774,
    56434.733480751514,
    56983.75196713209,
    57385.778511852026,
    54894.84975555539,
    58431.30807942152,
    54722.802968233824,
    56506.97305548191
  ],
  "_pofs": [
    2.95852046622187,
    3.107550859614716,
    3.091978175683166,
    3.0124400142962555,
    3.001323883376953,
    2.976397311657228,
    3.1315852624222993,
    2.9390155552745783,
    3.151901349448854,
    3.030273166508201
  ],
  "_timings": [
    {
      "Data Preparation": 0.04963130000032834,
      "Vanilla K-Median": 18.51026080000156,
      "Base Selection": 3.9999940781854093e-07,
      "HST Construction": 26.20225969999956,
      "Fairlet Decomposition": 18.096240799999578,
      "Cluster Fairlets": 15.77463379999972,
      "Total Time": 79.02985190000072
    },
    {
      "Data Preparation": 0.050316900000325404,
      "Vanilla K-Median": 22.079539399999703,
      "Base Selection": 3.9999940781854093e-07,
      "HST Construction": 26.010808299999553,
      "Fairlet Decomposition": 17.8953247999998,
      "Cluster Fairlets": 16.598056700000598,
      "Total Time": 83.02738800000043
    },
    {
      "Data Preparation": 0.04976849999911792,
      "Vanilla K-Median": 17.79571969999961,
      "Base Selection": 5.000001692678779e-07,
      "HST Construction": 25.943303200001537,
      "Fairlet Decomposition": 18.142822499999966,
      "Cluster Fairlets": 17.240388599999278,
      "Total Time": 79.56725609999921
    },
    {
      "Data Preparation": 0.04977270000017597,
      "Vanilla K-Median": 18.18646020000051,
      "Base Selection": 5.000001692678779e-07,
      "HST Construction": 26.041126000000077,
      "Fairlet Decomposition": 18.10967239999991,
      "Cluster Fairlets": 17.14440570000079,
      "Total Time": 79.93130459999884
    },
    {
      "Data Preparation": 0.04943559999992431,
      "Vanilla K-Median": 30.611514399999578,
      "Base Selection": 5.000001692678779e-07,
      "HST Construction": 26.12994709999839,
      "Fairlet Decomposition": 18.112566199999492,
      "Cluster Fairlets": 17.882177100000263,
      "Total Time": 93.1793232
    },
    {
      "Data Preparation": 0.049808400000983966,
      "Vanilla K-Median": 22.93431260000034,
      "Base Selection": 5.000001692678779e-07,
      "HST Construction": 26.01432399999976,
      "Fairlet Decomposition": 18.014563400000043,
      "Cluster Fairlets": 15.88686669999879,
      "Total Time": 83.29487770000014
    },
    {
      "Data Preparation": 0.050428300000930903,
      "Vanilla K-Median": 22.590937400000257,
      "Base Selection": 5.000001692678779e-07,
      "HST Construction": 26.2880808000009,
      "Fairlet Decomposition": 18.181981199999427,
      "Cluster Fairlets": 17.189397199999803,
      "Total Time": 84.69972449999841
    },
    {
      "Data Preparation": 0.051337700000658515,
      "Vanilla K-Median": 25.651697199999035,
      "Base Selection": 6.000009307172149e-07,
      "HST Construction": 26.106824500000585,
      "Fairlet Decomposition": 17.938499599998977,
      "Cluster Fairlets": 16.522702300000674,
      "Total Time": 86.66540220000024
    },
    {
      "Data Preparation": 0.049847599999338854,
      "Vanilla K-Median": 15.797081000000617,
      "Base Selection": 5.000001692678779e-07,
      "HST Construction": 26.28556370000115,
      "Fairlet Decomposition": 18.213329900001554,
      "Cluster Fairlets": 18.816683600000033,
      "Total Time": 79.56118669999887
    },
    {
      "Data Preparation": 0.04971320000004198,
      "Vanilla K-Median": 32.04875030000039,
      "Base Selection": 5.999991117278114e-07,
      "HST Construction": 26.13075410000056,
      "Fairlet Decomposition": 17.72281170000133,
      "Cluster Fairlets": 14.535012299998925,
      "Total Time": 90.88232280000011
    }
  ],
  "_all_cpofs": [],
  "_all_gpofs": [
    {
      "Non-White": 3.622972369254347,
      "White": 2.6771489036735194
    },
    {
      "Non-White": 3.6919478111503206,
      "White": 2.847415186602959
    },
    {
      "Non-White": 3.6978898387442234,
      "White": 2.825534052664371
    },
    {
      "Non-White": 3.964884682444548,
      "White": 2.6457207895466834
    },
    {
      "Non-White": 3.354743108230446,
      "White": 2.827834239232142
    },
    {
      "Non-White": 3.6085849104768637,
      "White": 2.7038668693946195
    },
    {
      "Non-White": 3.7702627073666437,
      "White": 2.854120383722464
    },
    {
      "Non-White": 3.3400157609062227,
      "White": 2.7487569848214513
    },
    {
      "Non-White": 3.8050805984126956,
      "White": 2.870332512477457
    },
    {
      "Non-White": 3.4048714831603233,
      "White": 2.8504245924643348
    }
  ],
  "_all_group_costs_fair": [
    {
      "Non-White": 62365.77332893014,
      "White": 108827.12715232372
    },
    {
      "Non-White": 62461.60325732827,
      "White": 108222.21062454581
    },
    {
      "Non-White": 62525.35611593723,
      "White": 108644.04260745645
    },
    {
      "Non-White": 62203.090266644955,
      "White": 107803.15906691551
    },
    {
      "Non-White": 62943.13324457407,
      "White": 108083.5624988079
    },
    {
      "Non-White": 62379.656194627285,
      "White": 108423.2206954062
    },
    {
      "Non-White": 62682.785066366196,
      "White": 109225.11741101742
    },
    {
      "Non-White": 62800.160573899746,
      "White": 108930.36278656125
    },
    {
      "Non-White": 62722.33203178644,
      "White": 109758.5444894135
    },
    {
      "Non-White": 62409.37227553129,
      "White": 108822.1918950975
    }
  ],
  "_all_group_costs_unfair": [
    {
      "Non-White": 17213.979841023684,
      "White": 40650.38257789612
    },
    {
      "Non-White": 16918.333208471537,
      "White": 38007.176169365644
    },
    {
      "Non-White": 16908.387984097004,
      "White": 38450.79924094677
    },
    {
      "Non-White": 15688.499224722385,
      "White": 40746.23425602913
    },
    {
      "Non-White": 18762.430151551962,