{
  "number of runs": 10,
  "All results Fair Cost (mean)": 1723.793025058508,
  "All results Fair Cost (std)": 50.600521345499935,
  "All results Fair Cost (min)": 1648.4977954030037,
  "All results Fair Cost (max)": 1834.1003162264824,
  "All results Unfair Cost (mean)": 563.4550438404083,
  "All results Unfair Cost (std)": 17.337334435376892,
  "All results PoF (mean)": 3.0602389217423727,
  "All results PoF (std)": 0.07373551723063171,
  "All results PoF (min)": 2.9537993653845787,
  "All results PoF (max)": 3.1767136050746774,
  "Avg Timing": {
    "Base Selection": 6.499998562503606e-07,
    "Cluster Fairlets": 0.16486272999973153,
    "Data Preparation": 0.0017989600002692896,
    "Fairlet Decomposition": 0.14185570000008738,
    "HST Construction": 0.22270408000003955,
    "Total Time": 0.7825958299998093,
    "Vanilla K-Median": 0.24667941000025168
  },
  "G-PoF means": {
    "Non-White": 3.5969783151877004,
    "White": 2.822921585134491
  },
  "G-PoF stds": {
    "Non-White": 0.2086108961830355,
    "White": 0.07238928279638313
  },
  "G-PoF spreads": [
    0.9458661781041497,
    0.9148031016387308,
    1.0253833893833688,
    0.6521347406654221,
    0.9341606641919098,
    0.9379125764897731,
    0.8390926194367831,
    0.37974683334024695,
    0.42769323737284104,
    0.6837739599088688
  ],
  "G-PoF Ginis": [
    0.07053845898171333,
    0.07001199390999546,
    0.07572277214136747,
    0.05076102772640858,
    0.0722855176781655,
    0.07408248005796242,
    0.0655466714049703,
    0.030304978818164043,
    0.03529311852183949,
    0.05470297285813999
  ],
  "Pooled C-PoF values": [],
  "C-PoF spreads": [],
  "C-PoF Ginis": [],
  "_fair_costs": [
    1725.770542949438,
    1700.458760470152,
    1726.2436409294605,
    1713.568697720766,
    1834.1003162264824,
    1695.7864998877048,
    1714.456844419241,
    1779.4063650369644,
    1648.4977954030037,
    1699.6407875418663
  ],
  "_unfair_costs": [
    545.8132691085339,
    551.1511782407761,
    543.4054987430573,
    554.113025188446,
    601.039905667305,
    570.5608042776585,
    564.7201804220676,
    579.317768484354,
    558.0940312743187,
    566.3347769975662
  ],
  "_pofs": [
    3.1618332507161386,
    3.0852855398002776,
    3.1767136050746774,
    3.0924533801348657,
    3.051544995486067,
    2.9721398441216182,
    3.03594046017245,
    3.0715549597112384,
    2.9537993653845787,
    3.001123816821813
  ],
  "_timings": [
    {
      "Data Preparation": 0.0011747000007744646,
      "Vanilla K-Median": 0.15031869999984337,
      "Base Selection": 1.2000000424450263e-06,
      "HST Construction": 0.1936452999998437,
      "Fairlet Decomposition": 0.12549740000031306,
      "Cluster Fairlets": 0.18002059999889752,
      "Total Time": 0.6547993999993196
    },
    {
      "Data Preparation": 0.0011247000002185814,
      "Vanilla K-Median": 0.25274160000117263,
      "Base Selection": 5.999991117278114e-07,
      "HST Construction": 0.19031580000046233,
      "Fairlet Decomposition": 0.12614750000102504,
      "Cluster Fairlets": 0.14346050000131072,
      "Total Time": 0.7181351999988692
    },
    {
      "Data Preparation": 0.0010984000000462402,
      "Vanilla K-Median": 0.183134599999903,
      "Base Selection": 3.9999940781854093e-07,
      "HST Construction": 0.19018340000002354,
      "Fairlet Decomposition": 0.12339069999870844,
      "Cluster Fairlets": 0.14438390000032086,
      "Total Time": 0.6464444000012008
    },
    {
      "Data Preparation": 0.001142900000559166,
      "Vanilla K-Median": 0.2067931999990833,
      "Base Selection": 7.999988156370819e-07,
      "HST Construction": 0.20337769999969169,
      "Fairlet Decomposition": 0.1243637999996281,
      "Cluster Fairlets": 0.14608559999942372,
      "Total Time": 0.6860961999991559
    },
    {
      "Data Preparation": 0.0012134000007790746,
      "Vanilla K-Median": 0.1970491000010952,
      "Base Selection": 8.000006346264854e-07,
      "HST Construction": 0.19157780000023195,
      "Fairlet Decomposition": 0.1249893999993219,
      "Cluster Fairlets": 0.14301290000003064,
      "Total Time": 0.6622703000011825
    },
    {
      "Data Preparation": 0.0043447999996715225,
      "Vanilla K-Median": 0.5007373999997071,
      "Base Selection": 9.999985195463523e-07,
      "HST Construction": 0.36086799999975483,
      "Fairlet Decomposition": 0.2287837000003492,
      "Cluster Fairlets": 0.24173529999825405,
      "Total Time": 1.3437848999983544
    },
    {
      "Data Preparation": 0.0013956000002508517,
      "Vanilla K-Median": 0.271953500001473,
      "Base Selection": 5.000001692678779e-07,
      "HST Construction": 0.25620809999963967,
      "Fairlet Decomposition": 0.14701229999991483,
      "Cluster Fairlets": 0.16711700000087149,
      "Total Time": 0.84855460000108
    },
    {
      "Data Preparation": 0.0024546000004193047,
      "Vanilla K-Median": 0.18607080000037968,
      "Base Selection": 3.0000046535860747e-07,
      "HST Construction": 0.202856799998699,
      "Fairlet Decomposition": 0.12794920000123966,
      "Cluster Fairlets": 0.16032629999972414,
      "Total Time": 0.6839377999986027
    },
    {
      "Data Preparation": 0.00204440000015893,
      "Vanilla K-Median": 0.26583519999985583,
      "Base Selection": 4.000012268079445e-07,
      "HST Construction": 0.19771510000100534,
      "Fairlet Decomposition": 0.13755069999933767,
      "Cluster Fairlets": 0.17136329999993904,
      "Total Time": 0.7788313000000926
    },
    {
      "Data Preparation": 0.00199609999981476,
      "Vanilla K-Median": 0.2521600000000035,
      "Base Selection": 5.000001692678779e-07,
      "HST Construction": 0.24029280000104336,
      "Fairlet Decomposition": 0.1528723000010359,
      "Cluster Fairlets": 0.15112189999854309,
      "Total Time": 0.8031042000002344
    }
  ],
  "_all_cpofs": [],
  "_all_gpofs": [
    {
      "Non-White": 3.825239730558663,
      "White": 2.8793735524545134
    },
    {
      "Non-White": 3.7239957818548555,
      "White": 2.8091926802161247
    },
    {
      "Non-White": 3.898012122043021,
      "White": 2.8726287326596522
    },
    {
      "Non-White": 3.537855871642672,
      "White": 2.8857211309772497
    },
    {
      "Non-White": 3.6978819303878985,
      "White": 2.7637212661959887
    },
    {
      "Non-White": 3.6340520563534504,
      "White": 2.6961394798636773
    },
    {
      "Non-White": 3.6199095068538174,
      "White": 2.7808168874170343
    },
    {
      "Non-White": 3.322583355347191,
      "White": 2.942836522006944
    },
    {
      "Non-White": 3.2434261464078444,
      "White": 2.8157329090350034
    },
    {
      "Non-White": 3.4668266504275946,
      "White": 2.783052690518726
    }
  ],
  "_all_group_costs_fair": [
    {
      "Non-White": 623.4900709986687,
      "White": 1102.2804719507694
    },
    {
      "Non-White": 619.4517255425453,
      "White": 1081.0070349276066
    },
    {
      "Non-White": 628.1679172813892,
      "White": 1098.0757236480713
    },
    {
      "Non-White": 621.4545730352402,
      "White": 1092.114124685526
    },
    {
      "Non-White": 684.7962416112423,
      "White": 1149.30407461524
    },
    {
      "Non-White": 610.155279815197,
      "White": 1085.6312200725079
    },
    {
      "Non-White": 621.5437569022179,
      "White": 1092.913087517023
    },
    {
      "Non-White": 652.4381283223629,
      "White": 1126.9682367146015
    },
    {
      "Non-White": 584.3421123921871,
      "White": 1064.1556830108166
    },
    {
      "Non-White": 626.1681402623653,
      "White": 1073.472647279501
    }
  ],
  "_all_group_costs_unfair": [
    {
      "Non-White": 162.99372455477715,
      "White": 382.8195445537567
    },
    {
      "Non-White": 166.34060880541801,
      "White": 384.81056943535805
    },
    {
      "Non-White": 161.15083730220795,
      "White": 382.2546614408493
    },
    {
      "Non-White": 175.65853318572044,