{
  "number of runs": 10,
  "All results Fair Cost (mean)": 5159.597678735852,
  "All results Fair Cost (std)": 130.48498406905,
  "All results Fair Cost (min)": 4985.852100253105,
  "All results Fair Cost (max)": 5320.22553896904,
  "All results Unfair Cost (mean)": 2838.3392952531576,
  "All results Unfair Cost (std)": 33.29294440525662,
  "All results PoF (mean)": 1.8183004226313382,
  "All results PoF (std)": 0.059660170580790726,
  "All results PoF (min)": 1.7274505301726895,
  "All results PoF (max)": 1.8850794137468028,
  "Avg Timing": {
    "Balance Dataset": 0.10219014999747741,
    "B\u00f6hm Fair Clustering": 18804.39896982,
    "Total Time": 18806.076153580005,
    "Vanilla k-Median": 1.5611958300021798
  },
  "G-PoF means": {
    "Non-White": 0.9277845607577657,
    "White": 2.2141019466561387
  },
  "G-PoF stds": {
    "Non-White": 0.04502896033875428,
    "White": 0.10876476327582099
  },
  "G-PoF spreads": [
    1.0651597423002195,
    1.3224911415149365,
    1.2168559045601035,
    1.1475442371840643,
    1.1888330766600503,
    1.464077470718232,
    1.2721260455691634,
    1.4351624439235304,
    1.260515398110019,
    1.4904083984434107
  ],
  "G-PoF Ginis": [
    0.17651633203214367,
    0.20595724315778097,
    0.20243827013339283,
    0.18758421399760086,
    0.19002189033129377,
    0.22765587098753573,
    0.19666134505774832,
    0.22324408427900122,
    0.20140108779052104,
    0.23250204320412557
  ],
  "Pooled C-PoF values": [],
  "C-PoF spreads": [],
  "C-PoF Ginis": [],
  "_fair_costs": [
    5015.185186058283,
    5320.22553896904,
    4985.852100253105,
    5011.266935229301,
    5123.426882952452,
    5272.200484156609,
    5319.001663208008,
    5232.977837562561,
    5088.625268489122,
    5227.2148904800415
  ],
  "_unfair_costs": [
    2894.251664966345,
    2838.80855435133,
    2886.248846590519,
    2838.8301958739758,
    2831.6241268515587,
    2838.144288688898,
    2837.9756296873093,
    2775.9986127913,
    2819.377306640148,
    2822.133726090193
  ],
  "_pofs": [
    1.732808949119703,
    1.8741050821529301,
    1.7274505301726895,
    1.7652577257043403,
    1.8093598067512988,
    1.8576224278548363,
    1.8742238684389478,
    1.8850794137468028,
    1.804875586004215,
    1.852220836367619
  ],
  "_timings": [
    {
      "Balance Dataset": 0.0686954999982845,
      "Vanilla k-Median": 1.0485952999988513,
      "B\u00f6hm Fair Clustering": 18105.5898158,
      "Total Time": 18106.7176179
    },
    {
      "Balance Dataset": 0.12398720000055619,
      "Vanilla k-Median": 1.328605200003949,
      "B\u00f6hm Fair Clustering": 19490.90005499999,
      "Total Time": 19492.369435500004
    },
    {
      "Balance Dataset": 0.11402549999183975,
      "Vanilla k-Median": 2.0065305000025546,
      "B\u00f6hm Fair Clustering": 19797.25184119999,
      "Total Time": 19799.3870704
    },
    {
      "Balance Dataset": 0.072658599994611,
      "Vanilla k-Median": 0.9114066000038292,
      "B\u00f6hm Fair Clustering": 21888.13606090001,
      "Total Time": 21889.1327552
    },
    {
      "Balance Dataset": 0.14018560000113212,
      "Vanilla k-Median": 3.2882565000036266,
      "B\u00f6hm Fair Clustering": 35046.292753899994,
      "Total Time": 35049.740366
    },
    {
      "Balance Dataset": 0.06901589999324642,
      "Vanilla k-Median": 0.9673611000180244,
      "B\u00f6hm Fair Clustering": 12865.832434599986,
      "Total Time": 12866.879287999996
    },
    {
      "Balance Dataset": 0.14011440001195297,
      "Vanilla k-Median": 1.6960714999877382,
      "B\u00f6hm Fair Clustering": 21358.5903407,
      "Total Time": 21360.444027500023
    },
    {
      "Balance Dataset": 0.1482837999938056,
      "Vanilla k-Median": 2.547385599988047,
      "B\u00f6hm Fair Clustering": 15047.816134700028,
      "Total Time": 15050.529923500028
    },
    {
      "Balance Dataset": 0.07350729999598116,
      "Vanilla k-Median": 0.8518039000045974,
      "B\u00f6hm Fair Clustering": 11958.257950300002,
      "Total Time": 11959.192393000005
    },
    {
      "Balance Dataset": 0.07142769999336451,
      "Vanilla k-Median": 0.9659421000105795,
      "B\u00f6hm Fair Clustering": 12485.322311099997,
      "Total Time": 12486.368658799998
    }
  ],
  "_all_cpofs": [],
  "_all_gpofs": [
    {
      "Non-White": 0.9760053827433558,
      "White": 2.0411651250435754
    },
    {
      "Non-White": 0.9440525984622882,
      "White": 2.266543739977225
    },
    {
      "Non-White": 0.894321384293364,
      "White": 2.1111772888534674
    },
    {
      "Non-White": 0.9555999601250248,
      "White": 2.103144197309089
    },
    {
      "Non-White": 0.9696573094084882,
      "White": 2.1584903860685385
    },
    {
      "Non-White": 0.8757360437046654,
      "White": 2.3398135144228975
    },
    {
      "Non-White": 0.9810901157689214,
      "White": 2.2532161613380848
    },
    {
      "Non-White": 0.889586162292328,
      "White": 2.3247486062158584
    },
    {
      "Non-White": 0.9344252576491398,
      "White": 2.194940655759159
    },
    {
      "Non-White": 0.8573713931300828,
      "White": 2.3477797915734935
    }
  ],
  "_all_group_costs_fair": [
    {
      "Non-White": 817.7610323131084,
      "White": 4197.424153745174
    },
    {
      "Non-White": 795.2639706730843,
      "White": 4524.961568295956
    },
    {
      "Non-White": 813.9735995233059,
      "White": 4171.878500729799
    },
    {
      "Non-White": 798.7610999941826,
      "White": 4212.505835235119
    },
    {
      "Non-White": 806.3449842631817,
      "White": 4317.08189868927
    },
    {
      "Non-White": 818.5831787586212,
      "White": 4453.617305397987
    },
    {
      "Non-White": 829.5026846826077,
      "White": 4489.4989785254
    },
    {
      "Non-White": 756.5405977666378,
      "White": 4476.437239795923
    },
    {
      "Non-White": 815.2422417402267,
      "White": 4273.383026748896
    },
    {
      "Non-White": 804.5195780992508,
      "White": 4422.695312380791
    }
  ],
  "_all_group_costs_unfair": [
    {
      "Non-White": 837.8652892410755,
      "White": 2056.3863757252693
    },
    {
      "Non-White": 842.393709808588,
      "White": 1996.4148445427418
    },
    {
      "Non-White": 910.1578177809715,
      "White": 1976.0910288095474
    },
    {
      "Non-White": 835.8739360868931,
      "White": 2002.9562597870827
    },
    {
      "Non-White": 831.5772762596607,
      "White": 2000.046850591898
    },
    {
      "Non-White": 934.7373385429382,
      "White": 1903.4069501459599
    },
    {
      "Non-White": 845.4908181726933,
      "White": 1992.484811514616
    },
    {
      "Non-White": 850.4410588145256,
      "White": 1925.5575539767742
    },
    {
      "Non-White": 872.4531310200691,
      "White": 1946.924175620079
    },
    {
      "Non-White": 938.3559849858284,
      "White": 1883.7777411043644
    }
  ],
  "_all_cluster_fair_costs": [],
  "_all_cluster_unfair_costs": []
}