{
  "number of runs": 10,
  "All results Fair Cost (mean)": 2525.7236964166163,
  "All results Fair Cost (std)": 275.9598214872511,
  "All results Fair Cost (min)": 1755.1373771131039,
  "All results Fair Cost (max)": 2722.3875333964825,
  "All results Unfair Cost (mean)": 1401.446088424325,
  "All results Unfair Cost (std)": 40.60481650187549,
  "All results PoF (mean)": 1.8047821512397022,
  "All results PoF (std)": 0.2137857771692884,
  "All results PoF (min)": 1.2378010113965983,
  "All results PoF (max)": 1.9864297822348729,
  "Avg Timing": {
    "Balance Dataset": 0.03499934000010398,
    "B\u00f6hm Fair Clustering": 1467.9934144299996,
    "Total Time": 1468.5414803900005,
    "Vanilla k-Median": 0.5083446999999068
  },
  "G-PoF means": {
    "Non-White": 1.0077114105765275,
    "White": 2.1593243104451294
  },
  "G-PoF stds": {
    "Non-White": 0.26445937519290597,
    "White": 0.4200913091890149
  },
  "G-PoF spreads": [
    1.3195176974236547,
    1.3660303592292875,
    1.2110308238993517,
    0.7244992006587576,
    1.4376376793376675,
    1.1985830801716428,
    1.5388827637938165,
    1.5435673713698632,
    1.461429922870841,
    1.1639485012486528
  ],
  "G-PoF Ginis": [
    0.20073927169209274,
    0.21466432405925884,
    0.18322297822552844,
    0.13293784692602717,
    0.21145572131506865,
    0.18433221333559172,
    0.23530786274609009,
    0.24645549510234574,
    0.22967368797028026,
    0.19804214451953558
  ],
  "Pooled C-PoF values": [],
  "C-PoF spreads": [],
  "C-PoF Ginis": [],
  "_fair_costs": [
    2608.3186746537685,
    2545.0881641209126,
    2603.9657839238644,
    1755.1373771131039,
    2722.3875333964825,
    2643.0777354836464,
    2647.510421514511,
    2588.4164023399353,
    2609.2820836007595,
    2534.0527880191803
  ],
  "_unfair_costs": [
    1374.3259129226208,
    1367.9031538665295,
    1372.8326532542706,
    1417.9479261636734,
    1370.4927089512348,
    1395.6873635351658,
    1378.432184457779,
    1423.9369126856327,
    1412.809031933546,
    1500.0930364727974
  ],
  "_pofs": [
    1.8978894672130262,
    1.8605762819735736,
    1.8967831059023974,
    1.2378010113965983,
    1.9864297822348729,
    1.8937462676375743,
    1.920667880049491,
    1.817788681001339,
    1.8468752850693069,
    1.6892637499188423
  ],
  "_timings": [
    {
      "Balance Dataset": 0.03651920000083919,
      "Vanilla k-Median": 0.5228384999991249,
      "B\u00f6hm Fair Clustering": 1444.9293753000002,
      "Total Time": 1445.4947506000008
    },
    {
      "Balance Dataset": 0.033977600000071106,
      "Vanilla k-Median": 0.5162433000004967,
      "B\u00f6hm Fair Clustering": 1489.317517399999,
      "Total Time": 1489.8723419999988
    },
    {
      "Balance Dataset": 0.03435229999740841,
      "Vanilla k-Median": 0.5935247999987041,
      "B\u00f6hm Fair Clustering": 1472.4116534999994,
      "Total Time": 1473.0440763000006
    },
    {
      "Balance Dataset": 0.03388930000073742,
      "Vanilla k-Median": 0.4261923999983992,
      "B\u00f6hm Fair Clustering": 1443.2328616000013,
      "Total Time": 1443.6974843999997
    },
    {
      "Balance Dataset": 0.033256700000492856,
      "Vanilla k-Median": 0.6107319000002462,
      "B\u00f6hm Fair Clustering": 1502.6372937999986,
      "Total Time": 1503.285806900003
    },
    {
      "Balance Dataset": 0.03314200000022538,
      "Vanilla k-Median": 0.445668399999704,
      "B\u00f6hm Fair Clustering": 1512.0348591000002,
      "Total Time": 1512.5182176000017
    },
    {
      "Balance Dataset": 0.03730290000021341,
      "Vanilla k-Median": 0.5732304000011936,
      "B\u00f6hm Fair Clustering": 1404.2460737000001,
      "Total Time": 1404.861260400001
    },
    {
      "Balance Dataset": 0.03665069999988191,
      "Vanilla k-Median": 0.5287294000008842,
      "B\u00f6hm Fair Clustering": 1524.7279141,
      "Total Time": 1525.2978586999998
    },
    {
      "Balance Dataset": 0.03612920000159647,
      "Vanilla k-Median": 0.48057859999971697,
      "B\u00f6hm Fair Clustering": 1445.965733099998,
      "Total Time": 1446.4870622999988
    },
    {
      "Balance Dataset": 0.03477349999957369,
      "Vanilla k-Median": 0.3857093000005989,
      "B\u00f6hm Fair Clustering": 1440.4308626999991,
      "Total Time": 1440.8559447000007
    }
  ],
  "_all_cpofs": [],
  "_all_gpofs": [
    {
      "Non-White": 0.9835639628898035,
      "White": 2.3030816603134583
    },
    {
      "Non-White": 0.9078760469733722,
      "White": 2.2739064062026597
    },
    {
      "Non-White": 1.046884897809366,
      "White": 2.257915721708718
    },
    {
      "Non-White": 1.7247269109892693,
      "White": 1.0002277103305117
    },
    {
      "Non-White": 0.9808723183627688,
      "White": 2.4185099977004363
    },
    {
      "Non-White": 1.0262830929132458,
      "White": 2.2248661730848887
    },
    {
      "Non-White": 0.8655260452799245,
      "White": 2.404408809073741
    },
    {
      "Non-White": 0.7939831586786563,
      "White": 2.3375505300485195
    },
    {
      "Non-White": 0.860052722692973,
      "White": 2.321482645563814
    },
    {
      "Non-White": 0.8873449491758919,
      "White": 2.0512934504245446
    }
  ],
  "_all_group_costs_fair": [
    {
      "Non-White": 415.0861025750637,
      "White": 2193.232572078705
    },
    {
      "Non-White": 375.76698142290115,
      "White": 2169.3211826980114
    },
    {
      "Non-White": 428.576201826334,
      "White": 2175.3895820975304
    },
    {
      "Non-White": 801.9371690154076,
      "White": 953.2002080976963
    },
    {
      "Non-White": 404.0211884379387,
      "White": 2318.366344958544
    },
    {
      "Non-White": 395.7058469951153,
      "White": 2247.371888488531
    },
    {
      "Non-White": 375.035902261734,
      "White": 2272.474519252777
    },
    {
      "Non-White": 380.69822162389755,
      "White": 2207.7181807160378
    },
    {
      "Non-White": 394.60720589756966,
      "White": 2214.67487770319
    },
    {
      "Non-White": 414.0198009610176,
      "White": 2120.0329870581627
    }
  ],
  "_all_group_costs_unfair": [
    {
      "Non-White": 422.0224797129631,
      "White": 952.3034332096577
    },
    {
      "Non-White": 413.8967898488045,
      "White": 954.006364017725
    },
    {
      "Non-White": 409.38235208392143,
      "White": 963.4503011703491
    },
    {
      "Non-White": 464.964722186327,
      "White": 952.9832039773464
    },
    {
      "Non-White": 411.89987817406654,
      "White": 958.5928307771683
    },
    {
      "Non-White": 385.5718268454075,
      "White": 1010.1155366897583
    },
    {
      "Non-White": 433.30400547385216,
      "White": 945.1281789839268
    },
    {
      "Non-White": 479.47896307706833,
      "White": 944.4579496085644
    },
    {
      "Non-White": 458.81746023893356,
      "White": 953.9915716946125
    },
    {
      "Non-White": 466.5826985836029,
      "White": 1033.5103378891945
    }
  ],
  "_all_cluster_fair_costs": [],
  "_all_cluster_unfair_costs": []
}