{
  "number of runs": 10,
  "All results Fair Cost (mean)": 981.8041560679674,
  "All results Fair Cost (std)": 111.17508709366928,
  "All results Fair Cost (min)": 685.9314074218273,
  "All results Fair Cost (max)": 1094.2184943854809,
  "All results Unfair Cost (mean)": 563.4550438404083,
  "All results Unfair Cost (std)": 17.337334435376892,
  "All results PoF (mean)": 1.7432573670389953,
  "All results PoF (std)": 0.19725752996732562,
  "All results PoF (min)": 1.2146394465824957,
  "All results PoF (max)": 1.888805339508645,
  "Avg Timing": {
    "Balance Dataset": 0.015327720000095723,
    "B\u00f6hm Fair Clustering": 100.7858205200002,
    "Total Time": 100.99772518000009,
    "Vanilla k-Median": 0.19389880000017
  },
  "G-PoF means": {
    "Non-White": 1.0069189591380532,
    "White": 2.077879552889366
  },
  "G-PoF stds": {
    "Non-White": 0.3002957888679469,
    "White": 0.41489042233265944
  },
  "G-PoF spreads": [
    1.370927178852896,
    1.1249360867943987,
    1.3587310935166494,
    1.4773210264285814,
    1.3333977668760795,
    0.9454055228332938,
    0.8865123453103363,
    1.5416105749624465,
    1.1897321702993084,
    1.254056862259811
  ],
  "G-PoF Ginis": [
    0.21656299687965355,
    0.1746721810321073,
    0.21362642733016068,
    0.23394030141027358,
    0.2217919594174225,
    0.1541103583300844,
    0.15963367472967108,
    0.23492395189171417,
    0.1972141704099476,
    0.21058024241736292
  ],
  "Pooled C-PoF values": [],
  "C-PoF spreads": [],
  "C-PoF Ginis": [],
  "_fair_costs": [
    1014.4846485853195,
    1010.2730336487293,
    1014.267680644989,
    1024.5962133407593,
    1057.138416647911,
    986.0133037567139,
    685.9314074218273,
    1094.2184943854809,
    959.3489185273647,
    971.7694437205791
  ],
  "_unfair_costs": [
    545.8132691085339,
    551.1511782407761,
    543.4054987430573,
    554.113025188446,
    601.039905667305,
    570.5608042776585,
    564.7201804220676,
    579.317768484354,
    558.0940312743187,
    566.3347769975662
  ],
  "_pofs": [
    1.8586661519648606,
    1.8330234489807824,
    1.866502424048111,
    1.8490744067824583,
    1.7588489660669409,
    1.7281476336339414,
    1.2146394465824957,
    1.888805339508645,
    1.7189736223067007,
    1.715892230515018
  ],
  "_timings": [
    {
      "Balance Dataset": 0.016995100000713137,
      "Vanilla k-Median": 0.1431921000003058,
      "B\u00f6hm Fair Clustering": 98.3723829999999,
      "Total Time": 98.53543119999995
    },
    {
      "Balance Dataset": 0.015345899999374524,
      "Vanilla k-Median": 0.256119800000306,
      "B\u00f6hm Fair Clustering": 99.51354299999912,
      "Total Time": 99.78748909999922
    },
    {
      "Balance Dataset": 0.015241700000842684,
      "Vanilla k-Median": 0.18184999999903084,
      "B\u00f6hm Fair Clustering": 100.93122050000056,
      "Total Time": 101.13185290000001
    },
    {
      "Balance Dataset": 0.014971099999456783,
      "Vanilla k-Median": 0.17251679999935732,
      "B\u00f6hm Fair Clustering": 100.69383899999957,
      "Total Time": 100.88387259999945
    },
    {
      "Balance Dataset": 0.015338400000473484,
      "Vanilla k-Median": 0.17891050000071118,
      "B\u00f6hm Fair Clustering": 100.73689310000009,
      "Total Time": 100.93370520000099
    },
    {
      "Balance Dataset": 0.01504679999925429,
      "Vanilla k-Median": 0.21719840000150725,
      "B\u00f6hm Fair Clustering": 100.1949708000011,
      "Total Time": 100.4297043000006
    },
    {
      "Balance Dataset": 0.015162199999394943,
      "Vanilla k-Median": 0.22206259999984468,
      "B\u00f6hm Fair Clustering": 104.4846851000002,
      "Total Time": 104.72461190000104
    },
    {
      "Balance Dataset": 0.014896000000589993,
      "Vanilla k-Median": 0.1614726999996492,
      "B\u00f6hm Fair Clustering": 105.02118970000083,
      "Total Time": 105.20008479999888
    },
    {
      "Balance Dataset": 0.015188600000328734,
      "Vanilla k-Median": 0.2161126000009972,
      "B\u00f6hm Fair Clustering": 99.35389919999943,
      "Total Time": 99.58771549999983
    },
    {
      "Balance Dataset": 0.015091400000528665,
      "Vanilla k-Median": 0.1895524999999907,
      "B\u00f6hm Fair Clustering": 98.55558180000116,
      "Total Time": 98.76278430000093
    }
  ],
  "_all_cpofs": [],
  "_all_gpofs": [
    {
      "Non-White": 0.897132697342171,
      "White": 2.268059876195067
    },
    {
      "Non-White": 1.0475995703283365,
      "White": 2.172535657122735
    },
    {
      "Non-White": 0.9107128795132569,
      "White": 2.2694439730299063
    },
    {
      "Non-White": 0.84007668760444,
      "White": 2.3173977140330213
    },
    {
      "Non-White": 0.8362836529651012,
      "White": 2.1696814198411807
    },
    {
      "Non-White": 1.0609474310129234,
      "White": 2.0063529538462173
    },
    {
      "Non-White": 1.83161039492623,
      "White": 0.9450980496158936
    },
    {
      "Non-White": 0.8697368566346689,
      "White": 2.4113474315971155
    },
    {
      "Non-White": 0.9133066894362452,
      "White": 2.1030388597355536
    },
    {
      "Non-White": 0.8617827316171581,
      "White": 2.115839593876969
    }
  ],
  "_all_group_costs_fair": [
    {
      "Non-White": 146.22699975967407,
      "White": 868.2576488256454
    },
    {
      "Non-White": 174.2583503127098,
      "White": 836.0146833360195
    },
    {
      "Non-White": 146.76214307546616,
      "White": 867.5055375695229
    },
    {
      "Non-White": 147.56663870811462,
      "White": 877.0295746326447
    },
    {
      "Non-White": 154.8680875301361,
      "White": 902.270329117775
    },
    {
      "Non-White": 178.132472127676,
      "White": 807.8808316290379
    },
    {
      "Non-White": 314.4901837706566,
      "White": 371.44122365117073
    },
    {
      "Non-White": 170.78562858700752,
      "White": 923.4328657984734
    },
    {
      "Non-White": 164.54315161705017,
      "White": 794.8057669103146
    },
    {
      "Non-White": 155.65268898010254,
      "White": 816.1167547404766
    }
  ],
  "_all_group_costs_unfair": [
    {
      "Non-White": 162.99372455477715,
      "White": 382.8195445537567
    },
    {
      "Non-White": 166.34060880541801,
      "White": 384.81056943535805
    },
    {
      "Non-White": 161.15083730220795,
      "White": 382.2546614408493
    },
    {
      "Non-White": 175.65853318572044,
      "White": 378.4544920027256
    },
    {
      "Non-White": 185.18607529997826,
      "White": 415.85383036732674
    },
    {
      "Non-White": 167.89943301677704,
      "White": 402.6613712608814
    },
    {
      "Non-White": 171.70146262645721,
      "White": 393.0187177956104
    },
    {
      "Non-White": 196.36471340060234,
      "White": 382.9530550837517
    },
    {
      "Non-White": 180.16199105978012,
      "White": 377.9320402145386
    },
    {
      "Non-White": 180.61708974838257,
      "White": 385.71768724918365
    }
  ],
  "_all_cluster_fair_costs": [],
  "_all_cluster_unfair_costs": []
}