Feature,L,DI,Bera_PoF_mean,Bera_PoF_std,Bercea_PoF_mean,Bercea_PoF_std,Backurs_PoF_mean,Backurs_PoF_std,Böhm_PoF_mean,Böhm_PoF_std,Bera_FairCost_mean,Bercea_FairCost_mean,Backurs_FairCost_mean,Böhm_FairCost_mean,Bera_UnfairCost_mean,Bercea_UnfairCost_mean,Backurs_UnfairCost_mean,Böhm_UnfairCost_mean,Bera_Time_mean,Bera_Time_std,Bercea_Time_mean,Bercea_Time_std,Backurs_Time_mean,Backurs_Time_std,Böhm_Time_mean,Böhm_Time_std
SEX,2,0.0130,1.000027,0.000103,1.000027,0.000103,3.152203,0.082793,1.013543,0.034891,2484.17,2484.17,7825.60,1419.40,2484.11,2484.11,2484.11,1401.45,7.76,0.28,10.75,0.28,3.51,0.23,95.31,24.21
RACE_BINARY,2,0.2880,1.122905,0.016361,1.122936,0.016363,3.051343,0.086123,1.804782,0.213786,2788.79,2788.86,7575.19,2525.72,2484.11,2484.11,2484.11,1401.45,9.31,0.43,12.44,0.44,3.34,0.22,2417.99,803.59
AGE_BIN,4,0.0420,1.000105,0.000329,1.000105,0.000329,2.855912,0.074309,1.063501,0.037592,2484.36,2484.36,7090.52,1489.66,2484.11,2484.11,2484.11,1401.45,21.70,0.52,28.09,0.55,23.33,0.57,480.10,39.91
INC_BIN,4,0.0940,1.000108,0.000182,1.000108,0.000182,3.224318,0.085869,1.174629,0.095094,2484.37,2484.37,8004.48,1644.29,2484.11,2484.11,2484.11,1401.45,14.66,3.70,19.65,4.25,11.87,0.82,592.37,30.38
RACE_6,6,0.3430,1.130294,0.017127,1.130498,0.017186,3.051343,0.086123,2.549932,0.108638,2807.12,2807.63,7575.19,3570.90,2484.11,2484.11,2484.11,1401.45,15.90,0.68,18.84,0.72,12.73,0.32,26481.02,3312.95
AGE_BIN × SEX,8,0.0400,1.000008,0.000042,1.000008,0.000042,3.688691,0.095121,1.073937,0.044948,2484.12,2484.12,9157.41,1503.92,2484.11,2484.11,2484.11,1401.45,15.72,0.24,17.73,0.27,16.20,0.23,190.59,13.98
RACE_6 × SEX,12,0.3110,1.056473,0.012093,1.056529,0.012138,1.118269,0.036098,,,2624.04,2624.18,2776.31,,2484.11,2484.11,2484.11,,25.57,4.36,27.20,4.24,19.72,0.33,,